date,code,name,price,per,pbr,eps,bps,hts_frgn_ehrt,vol_tnrt,whol_loan_rmnd_rate,hts_avls,lstn_stcn,w52_hgpr_vrss_prpr_ctrt,pgtr_ntby_qty,frgn_ntby_qty
20260915,000660,SK하이닉스,1690000.0,28.67,9.84,58955.00,171751.00,50.27,0.35,0.39,12345321,730492365,-43.42,-289901,0
20260915,000990,DB하이텍,116700.0,20.18,2.22,5783.00,52634.00,25.12,2.02,1.41,50770,43504588,-49.37,-137419,0
20260915,0015N0,아로마티카,12870.0,29.65,7.05,434.00,1825.00,4.38,18.75,1.05,1619,12576922,-59.14,-37453,0
20260915,001820,삼화콘덴서,142500.0,118.16,5.34,1206.00,26701.00,5.20,12.09,3.06,14813,10395000,-27.59,69352,0
20260915,003350,한국화장품제조,14810.0,0.00,0.00,0.00,0.00,1.52,3.67,3.22,3356,22660000,-76.00,39878,0
20260915,004020,현대제철,35150.0,-675.96,0.24,-52.00,147255.00,14.93,1.28,1.17,46906,133445785,-30.26,137556,0
20260915,004310,현대약품,10120.0,0.00,0.00,0.00,0.00,0.60,48.52,2.78,3238,32000000,-36.59,24497,0
20260915,005380,현대차,367000.0,10.39,0.83,35331.00,439541.00,24.41,0.13,0.83,751461,204757766,-53.13,55003,0
20260915,005930,삼성전자,248500.0,37.86,3.88,6564.00,63997.00,46.57,0.19,0.38,14528002,5846278608,-33.64,-1168316,0
20260915,005935,삼성전자우,187100.0,0.00,0.00,0.00,0.00,75.67,0.43,0.34,1501237,802371203,-23.16,0,0
20260915,006360,GS건설,37800.0,34.58,0.67,1093.00,56462.00,20.20,2.08,1.88,32350,85581490,-15.72,116004,0
20260915,006400,삼성SDI,547000.0,-65.71,2.01,-8325.00,272485.00,25.65,0.49,1.12,440803,80585530,-24.34,33072,0
20260915,009150,삼성전기,1317000.0,144.74,10.43,9099.00,126302.00,37.61,0.40,1.00,983716,74693696,-45.51,29565,0
20260915,009830,한화솔루션,28550.0,-8.45,0.60,-3377.00,47898.00,13.15,0.49,1.66,64207,224892536,-51.85,132538,0
20260915,010120,LS ELECTRIC,194700.0,101.88,13.99,1911.00,13920.00,18.75,0.29,0.89,292050,150000000,-78.53,-130107,0
20260915,010140,삼성중공업,20700.0,33.39,4.26,620.00,4857.00,28.90,0.44,1.28,182160,880000000,-41.44,-1653969,0
20260915,010170,대한광통신,14140.0,-58.43,28.80,-242.00,491.00,1.80,2.99,0.00,21986,155485660,-55.11,85680,0
20260915,012330,현대모비스,394500.0,9.94,0.72,39682.00,551325.00,38.07,0.24,0.64,354342,89820585,-52.01,36504,0
20260915,012450,한화에어로스페이스,1063000.0,37.20,5.65,28573.00,188244.00,45.55,0.31,0.20,548119,51563401,-35.77,-28033,0
20260915,017900,광전자,10660.0,146.03,2.23,73.00,4784.00,17.93,57.70,0.88,6177,57943763,-52.52,753106,0
20260915,0220W0,한화머시너리앤서비스홀딩스,7070.0,0.00,0.00,0.00,0.00,15.47,4.19,1.28,5975,84515535,-45.62,141388,0
20260915,024060,흥구석유,14980.0,365.37,2.82,41.00,5307.00,0.00,30.18,3.38,2247,15000000,-58.62,1088,0
20260915,028260,삼성물산,347000.0,24.50,1.14,14165.00,305019.00,30.72,0.17,0.16,562722,162167581,-38.58,29551,0
20260915,028670,팬오션,5680.0,10.07,0.53,564.00,10707.00,17.46,0.66,0.62,30364,534569512,-13.94,-1167427,0
20260915,030530,원익홀딩스,25050.0,70.56,1.91,355.00,13088.00,4.90,11.68,1.17,19348,77237981,-50.49,222135,0
20260915,031980,피에스케이홀딩스,166900.0,39.25,7.11,4252.00,23484.00,6.00,1.22,0.49,35988,21562395,-4.08,49001,0
20260915,032820,우리기술,13210.0,2642.00,17.50,5.00,755.00,5.25,2.53,0.51,22825,172784612,-56.26,-432315,0
20260915,032830,삼성생명,285500.0,24.80,0.82,11514.00,349293.00,23.21,0.16,0.06,571000,200000000,-44.72,-4196,0
20260915,032940,원익,9670.0,15.30,0.62,632.00,15605.00,0.97,20.63,2.68,1759,18193181,-45.67,33539,0
20260915,034020,두산에너빌리티,86200.0,653.03,7.09,132.00,12156.00,23.45,0.32,1.32,552164,640561146,-38.07,-431223,0
20260915,034220,LG디스플레이,8610.0,19.01,0.65,453.00,13208.00,27.16,0.69,0.95,43050,500000000,-52.03,-411682,0
20260915,036220,오상헬스케어,7480.0,34.95,0.37,214.00,20439.00,1.10,27.74,0.89,1070,14309416,-55.69,-46056,0
20260915,036540,SFA반도체,8600.0,-74.14,2.98,-116.00,2884.00,6.50,10.45,0.92,14144,164460303,-26.12,384846,0
20260915,042510,라온시큐어,12960.0,42.91,2.61,302.00,4975.00,1.08,99.16,3.39,1439,11105828,-23.58,-19933,0
20260915,042700,한미반도체,222500.0,99.64,30.57,2233.00,7278.00,7.20,0.53,1.23,212070,95312200,-47.77,-70726,0
20260915,046970,우리로,7110.0,-395.00,7.87,-18.00,903.00,0.79,9.56,0.00,3116,43824999,-56.11,-141938,0
20260915,047040,대우건설,19130.0,-8.72,2.35,-2195.00,8148.00,10.53,1.08,1.01,78607,410907638,-52.59,324305,0
20260915,052690,한전기술,143800.0,64.37,8.75,2234.00,16428.00,11.74,3.23,1.86,54960,38220000,-27.37,-13075,0
20260915,052710,아모텍,15910.0,35.43,1.80,449.00,8855.00,7.44,7.74,0.94,2972,18680800,-56.11,-51149,0
20260915,053300,한국정보인증,5500.0,8.91,1.08,617.00,5107.00,1.65,14.68,1.60,2176,39565146,-29.03,-193051,0
20260915,054920,한컴위드,5230.0,18.81,0.90,278.00,5802.00,2.68,35.74,2.07,1476,28217081,-41.76,-315554,0
20260915,055550,신한지주,112200.0,11.13,0.92,10085.00,121468.00,61.87,0.19,0.01,526723,469450239,-3.69,-93303,0
20260915,058610,에스피지,102800.0,249.51,8.84,412.00,11633.00,4.42,6.83,3.92,22798,22177360,-37.96,172388,0
20260915,066570,LG전자,202000.0,37.96,1.52,5321.00,132659.00,29.45,0.27,0.89,329027,162884638,-53.88,169124,0
20260915,072950,빛샘전자,10700.0,11.41,1.03,938.00,10357.00,0.42,32.35,2.54,862,8052610,-58.37,2424,0
20260915,080220,제주반도체,68800.0,59.98,10.20,1147.00,6742.00,0.00,1.69,4.37,23697,34442833,-50.14,25690,0
20260915,086520,에코프로,84400.0,-76.52,5.78,-1103.00,14608.00,18.90,0.47,2.26,114595,135776152,-55.58,173768,0
20260915,086790,하나금융지주,137600.0,9.75,0.84,14110.00,164776.00,68.96,0.19,0.03,372855,270969910,-3.44,-103596,0
20260915,088350,한화생명,5970.0,8.09,0.32,738.00,18466.00,8.95,0.33,0.55,51851,868530000,-21.03,-433794,0
20260915,093370,후성,14780.0,295.60,4.74,50.00,3118.00,10.75,8.28,1.49,15852,107255330,-37.24,-236675,0
20260915,096770,SK이노베이션,141700.0,-6.73,1.09,-21056.00,129848.00,15.81,0.55,0.47,239548,169052788,-13.96,43419,0
20260915,101730,위메이드맥스,5000.0,-11.74,0.90,-426.00,5563.00,9.28,2.68,0.79,4190,83803286,-38.73,-47269,0
20260915,105560,KB금융,175800.0,11.63,1.07,15116.00,164669.00,79.16,0.32,0.02,623541,354687734,-9.61,-16782,0
20260915,108490,로보티즈,324500.0,860.74,14.95,377.00,21707.00,7.08,4.55,2.03,47595,14667028,-30.06,11348,0
20260915,117670,알파칩스,10980.0,-5.16,1.60,-2127.00,6843.00,0.94,1.66,0.00,731,6661742,-48.45,12968,0
20260915,128940,한미약품,496500.0,37.51,5.04,13235.00,98560.00,13.71,1.36,2.17,63607,12810991,-23.26,-15617,0
20260915,158430,아톤,6310.0,100.16,1.49,63.00,4240.00,3.02,47.83,4.08,1545,24482092,-44.50,-565915,0
20260915,196170,알테오젠,260000.0,128.33,40.93,2026.00,6352.00,15.30,0.38,2.42,181103,69655133,-54.31,27509,0
20260915,217590,티엠씨,12960.0,-589.09,2.79,-22.00,4647.00,2.30,14.51,3.00,3123,24094225,-66.51,156360,0
20260915,222800,심텍,125500.0,-25.33,8.14,-4955.00,15419.00,10.87,1.01,1.62,47658,37974228,-23.57,84857,0
20260915,224060,더코디,7020.0,1.49,0.30,4706.00,23122.00,0.00,18.11,0.00,362,5160722,-44.94,1198,0
20260915,226950,올릭스,108300.0,-139.92,16.07,-774.00,6738.00,9.47,1.77,0.52,24639,22750539,-50.09,9389,0
20260915,240810,원익IPS,108400.0,63.32,5.44,1712.00,19936.00,14.79,1.04,1.15,53207,49083901,-42.28,27110,0
20260915,263860,지니언스,19080.0,23.10,2.65,826.00,7189.00,24.63,12.84,1.50,1732,9079600,-36.40,12414,0
20260915,267260,HD현대일렉트릭,700000.0,34.44,12.42,20324.00,56366.00,34.58,0.37,0.38,252330,36047135,-51.05,-30592,0
20260915,298040,효성중공업,2689000.0,48.23,10.65,55755.00,252555.00,27.20,0.44,0.44,250737,9324548,-43.29,-16793,0
20260915,298380,에이비엘바이오,59300.0,-85.57,21.13,-693.00,2807.00,13.56,1.62,1.37,33201,55987463,-76.97,16302,0
20260915,316140,우리금융지주,36350.0,8.61,0.74,4221.00,49068.00,50.22,0.35,0.11,267822,736786557,-12.41,4188,0
20260915,329180,HD현대중공업,453500.0,28.88,5.09,15702.00,89025.00,13.76,0.28,0.39,475999,104961225,-40.72,-13950,0
20260915,332570,PS일렉트로닉스,8400.0,23.93,3.16,351.00,2656.00,0.00,14.88,6.64,3859,45940603,-43.96,323703,0
20260915,336260,두산퓨얼셀,51600.0,-31.79,11.49,-1623.00,4491.00,13.97,2.94,0.56,33795,65493726,-52.62,7909,0
20260915,356680,엑스게이트,17550.0,125.36,11.27,140.00,1557.00,0.35,39.80,1.79,5009,28543492,-42.55,-2668,0
20260915,373220,LG에너지솔루션,365500.0,-79.72,4.23,-4585.00,86391.00,5.52,0.14,0.14,855270,234000000,-30.65,23203,0
20260915,386380,스카이랩스,20800.0,0.00,0.00,0.00,0.00,0.46,17.27,0.00,3902,18761977,-47.14,-1463,0
20260915,402340,SK스퀘어,1000000.0,15.04,4.77,66468.00,209564.00,46.49,0.25,0.22,1319240,131923998,-54.32,39040,0
20260915,403870,HPSP,51900.0,0.00,0.00,0.00,0.00,32.92,1.39,2.01,42714,82300000,-43.59,6716,0
20260915,411080,샌즈랩,6900.0,-191.67,1.95,-36.00,3538.00,0.70,42.16,1.21,1053,15267638,-33.40,524,0
20260915,437730,삼현,52700.0,160.67,12.64,328.00,4168.00,1.50,3.56,1.11,16710,31707567,-31.47,15219,0
20260915,443670,에스피소프트,5080.0,32.77,1.83,155.00,2772.00,2.26,19.68,4.24,1220,24010564,-30.32,-88999,0
20260915,456160,지투지바이오,34500.0,-2.44,-1.79,-14150.00,-19236.00,6.51,4.98,0.94,5737,16629426,-86.09,-48941,0
20260916,000150,두산,1387000.0,391.14,15.87,3546.00,87399.00,19.67,0.52,0.45,224608,16193835,-44.27,-23549,0
20260916,000500,가온전선,249500.0,139.62,15.36,1787.00,16247.00,1.84,0.77,0.56,74295,29777607,-60.71,-58174,0
20260916,000660,SK하이닉스,1759000.0,29.84,10.24,58955.00,171751.00,50.20,0.37,0.39,12849361,730492365,-41.11,-103513,0
20260916,000990,DB하이텍,125000.0,21.62,2.37,5783.00,52634.00,24.58,2.01,1.56,54381,43504588,-45.77,-146360,0
20260916,0015N0,아로마티카,13000.0,29.95,7.12,434.00,1825.00,4.06,7.73,1.19,1635,12576922,-58.73,-15879,0
20260916,001820,삼화콘덴서,143900.0,119.32,5.39,1206.00,26701.00,5.72,6.22,3.02,14958,10395000,-26.88,-13375,0
20260916,003350,한국화장품제조,14950.0,0.00,0.00,0.00,0.00,1.82,10.17,2.39,3388,22660000,-75.77,-191556,0
20260916,003490,대한항공,29050.0,13.76,0.98,2111.00,29659.00,51.59,0.35,0.59,106968,368220609,-6.89,6642,-70847
20260916,004020,현대제철,34600.0,-665.38,0.23,-52.00,147255.00,14.98,0.57,1.16,46172,133445785,-31.35,-444017,0
20260916,004310,현대약품,9970.0,0.00,0.00,0.00,0.00,0.67,37.15,2.84,3190,32000000,-37.53,111774,0
20260916,005380,현대차,362000.0,10.25,0.82,35331.00,439541.00,24.44,0.23,0.83,741223,204757766,-53.77,-87881,0
20260916,005930,삼성전자,253500.0,38.62,3.96,6564.00,63997.00,46.56,0.19,0.38,14820316,5846278608,-32.31,-1972807,0
20260916,005935,삼성전자우,194600.0,0.00,0.00,0.00,0.00,75.66,0.43,0.35,1561414,802371203,-20.08,0,0
20260916,006340,대원전선,12740.0,112.74,8.34,113.00,1527.00,2.94,1.64,5.40,9990,78414416,-37.24,-183304,0
20260916,006360,GS건설,36700.0,33.58,0.65,1093.00,56462.00,20.08,0.97,1.87,31408,85581490,-18.17,-91069,0
20260916,006400,삼성SDI,544000.0,-65.35,2.00,-8325.00,272485.00,25.77,0.37,1.13,438385,80585530,-24.76,-45875,0
20260916,009150,삼성전기,1381000.0,151.77,10.93,9099.00,126302.00,37.58,0.56,1.01,1031520,74693696,-42.86,81941,0
20260916,009830,한화솔루션,28500.0,-8.44,0.60,-3377.00,47898.00,13.10,0.37,1.68,64094,224892536,-51.94,58561,0
20260916,010120,LS ELECTRIC,199400.0,104.34,14.32,1911.00,13920.00,18.66,0.26,0.88,299100,150000000,-78.02,-67321,0
20260916,010140,삼성중공업,20200.0,32.58,4.16,620.00,4857.00,28.51,0.26,1.28,177760,880000000,-42.86,-997025,0
20260916,010170,대한광통신,16100.0,-66.53,32.79,-242.00,491.00,1.95,27.15,0.00,25033,155485660,-48.89,4359009,0
20260916,012330,현대모비스,383000.0,9.65,0.69,39682.00,551325.00,38.11,0.33,0.63,344013,89820585,-53.41,-24095,0
20260916,012450,한화에어로스페이스,1055000.0,36.92,5.60,28573.00,188244.00,45.52,0.19,0.19,543994,51563401,-36.25,-8945,0
20260916,017900,광전자,10460.0,143.29,2.19,73.00,4784.00,19.22,20.27,0.89,6061,57943763,-53.41,-472851,0
20260916,0220W0,한화머시너리앤서비스홀딩스,6690.0,0.00,0.00,0.00,0.00,15.55,1.80,1.36,5654,84515535,-48.54,-343759,0
20260916,024060,흥구석유,13970.0,340.73,2.63,41.00,5307.00,0.00,17.45,4.30,2096,15000000,-61.41,21538,0
20260916,028260,삼성물산,353500.0,24.96,1.16,14165.00,305019.00,30.69,0.14,0.16,573262,162167581,-37.43,33036,0
20260916,028670,팬오션,5800.0,10.28,0.54,564.00,10707.00,17.24,0.36,0.63,31005,534569512,-12.12,-136853,0
20260916,030000,제일기획,17550.0,9.73,1.13,1804.00,15525.00,18.73,1.06,0.12,20190,115041225,-24.68,-690324,0
20260916,030530,원익홀딩스,25300.0,71.27,1.93,355.00,13088.00,5.23,3.28,1.15,19541,77237981,-50.00,-166417,0
20260916,031980,피에스케이홀딩스,166800.0,39.23,7.10,4252.00,23484.00,6.43,0.73,0.44,35966,21562395,-4.14,11822,0
20260916,032820,우리기술,12920.0,2584.00,17.11,5.00,755.00,5.12,1.66,0.56,22324,172784612,-57.22,-262873,0
20260916,032830,삼성생명,283500.0,24.62,0.81,11514.00,349293.00,23.16,0.13,0.06,567000,200000000,-45.11,-25672,0
20260916,032940,원익,10190.0,16.12,0.65,632.00,15605.00,1.13,24.19,2.53,1854,18193181,-42.75,44862,0
20260916,034020,두산에너빌리티,83800.0,634.85,6.89,132.00,12156.00,23.37,0.32,1.31,536790,640561146,-39.80,-276170,0
20260916,034220,LG디스플레이,8470.0,18.70,0.64,453.00,13208.00,26.66,0.42,0.97,42350,500000000,-52.81,-770018,0
20260916,035420,NAVER,201500.0,16.28,1.09,12376.00,184396.00,36.07,0.34,1.97,306470,152094369,-33.72,-166218,0
20260916,035720,카카오,33500.0,30.18,1.31,1110.00,25625.00,29.05,0.35,1.12,148405,442999903,-51.94,-537606,0
20260916,036220,오상헬스케어,7000.0,32.71,0.34,214.00,20439.00,0.77,1.67,0.89,1002,14309416,-58.08,13984,0
20260916,036540,SFA반도체,8920.0,-76.90,3.09,-116.00,2884.00,7.61,4.89,0.92,14670,164460303,-23.37,224290,0
20260916,042510,라온시큐어,12120.0,40.13,2.44,302.00,4975.00,1.10,16.07,3.53,1346,11105828,-28.54,-67748,0
20260916,042700,한미반도체,226000.0,101.21,31.05,2233.00,7278.00,7.10,0.50,1.38,215406,95312200,-46.95,-32364,0
20260916,043260,성호전자,18560.0,13.84,5.25,1341.00,3536.00,1.92,6.58,0.34,13629,73433552,-68.86,300009,0
20260916,046970,우리로,7240.0,-402.22,8.02,-18.00,903.00,0.58,18.82,0.00,3173,43824999,-55.31,-20893,0
20260916,047040,대우건설,18570.0,-8.46,2.28,-2195.00,8148.00,10.64,0.93,1.01,76306,410907638,-53.98,97627,0
20260916,049080,기가레인,10990.0,-8.80,2.26,-1249.00,4871.00,0.00,31.85,0.00,933,8488334,-26.49,208989,0
20260916,050890,쏠리드,9110.0,15.26,1.55,597.00,5886.00,16.63,8.59,3.67,5535,60756534,-56.41,-1050794,0
20260916,052690,한전기술,135400.0,60.61,8.24,2234.00,16428.00,11.97,1.69,1.88,51750,38220000,-31.62,-68858,0
20260916,052710,아모텍,16000.0,35.63,1.81,449.00,8855.00,7.08,4.69,0.72,2989,18680800,-55.86,-109730,0
20260916,053300,한국정보인증,5400.0,8.75,1.06,617.00,5107.00,1.22,2.43,1.62,2137,39565146,-30.32,-43040,0
20260916,054920,한컴위드,5290.0,19.03,0.91,278.00,5802.00,1.29,44.32,2.22,1493,28217081,-41.09,317664,0
20260916,055550,신한지주,112100.0,11.12,0.92,10085.00,121468.00,61.86,0.17,0.01,526254,469450239,-3.78,-67410,0
20260916,058610,에스피지,98200.0,238.35,8.44,412.00,11633.00,5.62,1.53,3.96,21778,22177360,-40.74,-82220,0
20260916,066570,LG전자,200000.0,37.59,1.51,5321.00,132659.00,29.64,0.23,0.89,325769,162884638,-54.34,-35208,0
20260916,072950,빛샘전자,13530.0,14.42,1.31,938.00,10357.00,0.40,175.06,2.51,1090,8052610,-47.35,104291,0
20260916,080220,제주반도체,71500.0,62.34,10.61,1147.00,6742.00,0.00,1.47,4.47,24627,34442833,-48.19,45664,0
20260916,086520,에코프로,82200.0,-74.52,5.63,-1103.00,14608.00,18.95,0.29,2.28,111608,135776152,-56.74,-97426,0
20260916,086790,하나금융지주,136700.0,9.69,0.83,14110.00,164776.00,68.96,0.21,0.03,370416,270969910,-4.07,-211553,0
20260916,088350,한화생명,5840.0,7.91,0.32,738.00,18466.00,8.91,0.20,0.55,50722,868530000,-22.75,-232636,0
20260916,093370,후성,14530.0,290.60,4.66,50.00,3118.00,10.49,4.45,1.51,15584,107255330,-38.30,-429271,0
20260916,096770,SK이노베이션,136300.0,-6.47,1.05,-21056.00,129848.00,15.77,0.30,0.49,230419,169052788,-17.24,-44357,0
20260916,101730,위메이드맥스,5040.0,-11.83,0.91,-426.00,5563.00,9.14,0.87,0.80,4224,83803286,-38.24,46314,0
20260916,105560,KB금융,176700.0,11.69,1.07,15116.00,164669.00,79.06,0.28,0.02,626733,354687734,-9.15,152683,0
20260916,108490,로보티즈,309000.0,819.63,14.24,377.00,21707.00,7.26,2.07,1.91,45321,14667028,-33.41,-26092,0
20260916,115440,우리넷,9670.0,28.44,1.05,340.00,9217.00,1.72,75.96,2.04,1044,10794292,-54.71,-6151,0
20260916,117670,알파칩스,10880.0,-5.12,1.59,-2127.00,6843.00,1.15,0.86,0.00,725,6661742,-48.92,-6758,0
20260916,126340,비나텍,75200.0,-84.68,6.35,-888.00,11841.00,11.40,6.78,1.36,5400,7180414,-63.23,-3528,0
20260916,126730,코칩,22900.0,68.36,3.27,335.00,7001.00,0.55,22.25,3.25,2008,8770126,-37.26,3181,0
20260916,128940,한미약품,502000.0,37.93,5.09,13235.00,98560.00,13.36,1.17,2.14,64311,12810991,-22.41,-39446,0
20260916,158430,아톤,6020.0,95.56,1.42,63.00,4240.00,0.98,37.63,4.07,1474,24482092,-47.05,654657,0
20260916,192650,드림텍,7110.0,7110.00,1.26,1.00,5644.00,58.89,2.79,2.26,4685,65886829,-22.04,108787,0
20260916,196170,알테오젠,255500.0,126.11,40.22,2026.00,6352.00,15.29,0.44,2.46,177969,69655133,-55.10,-19703,0
20260916,217590,티엠씨,13160.0,-598.18,2.83,-22.00,4647.00,2.93,21.74,3.02,3171,24094225,-65.99,72903,0
20260916,218410,RFHIC,52700.0,48.71,3.94,1082.00,13376.00,22.43,3.76,3.76,14005,26575442,-58.47,-220963,0
20260916,222800,심텍,130700.0,-26.38,8.48,-4955.00,15419.00,11.10,1.02,1.66,49632,37974228,-20.40,88373,0
20260916,224060,더코디,7430.0,1.58,0.32,4706.00,23122.00,0.00,14.31,0.00,383,5160722,-41.73,12503,0
20260916,226950,올릭스,111100.0,-143.54,16.49,-774.00,6738.00,9.50,1.11,0.47,25276,22750539,-48.80,-94521,0
20260916,240810,원익IPS,119400.0,69.74,5.99,1712.00,19936.00,14.79,2.01,1.29,58606,49083901,-36.42,153197,0
20260916,263860,지니언스,19680.0,23.83,2.74,826.00,7189.00,25.34,15.60,1.56,1787,9079600,-34.40,82387,0
20260916,267260,HD현대일렉트릭,707000.0,34.79,12.54,20324.00,56366.00,34.39,0.27,0.37,254853,36047135,-50.56,511,0
20260916,278470,에이피알,353000.0,45.82,29.64,7704.00,11910.00,37.87,0.70,0.85,132157,37438155,-25.68,10634,0
20260916,298040,효성중공업,2806000.0,50.33,11.11,55755.00,252555.00,26.96,0.41,0.45,261647,9324548,-40.83,3169,0
20260916,298380,에이비엘바이오,57900.0,-83.55,20.63,-693.00,2807.00,13.60,1.43,1.37,32417,55987463,-77.51,171247,0
20260916,316140,우리금융지주,36300.0,8.60,0.74,4221.00,49068.00,50.20,0.30,0.11,267454,736786557,-12.53,-327306,0
20260916,329180,HD현대중공업,440500.0,28.05,4.95,15702.00,89025.00,13.68,0.14,0.35,462354,104961225,-42.42,-6152,0
20260916,332570,PS일렉트로닉스,8460.0,24.10,3.19,351.00,2656.00,0.13,13.26,6.81,3887,45940603,-43.56,-305624,0
20260916,336260,두산퓨얼셀,51300.0,-31.61,11.42,-1623.00,4491.00,14.09,1.26,0.50,33598,65493726,-52.89,-129368,0
20260916,356680,엑스게이트,17090.0,122.07,10.98,140.00,1557.00,0.45,32.19,1.40,4878,28543492,-44.06,23141,0
20260916,373220,LG에너지솔루션,367000.0,-80.04,4.25,-4585.00,86391.00,5.52,0.13,0.14,858780,234000000,-30.36,4817,0
20260916,386380,스카이랩스,20900.0,0.00,0.00,0.00,0.00,0.44,18.02,0.00,3921,18761977,-46.89,-15954,0
20260916,402340,SK스퀘어,1020000.0,15.35,4.87,66468.00,209564.00,46.53,0.25,0.22,1345625,131923998,-53.40,-34846,0
20260916,403870,HPSP,53400.0,0.00,0.00,0.00,0.00,32.81,1.22,2.02,43948,82300000,-41.96,173989,0
20260916,411080,샌즈랩,7160.0,-198.89,2.02,-36.00,3538.00,0.79,69.71,0.76,1093,15267638,-30.89,52467,0
20260916,413630,씨피시스템,4725.0,89.15,3.96,53.00,1194.00,1.66,74.19,2.21,1722,36436605,-23.67,-451638,0
20260916,417200,LS머트리얼즈,12760.0,2126.67,4.66,6.00,2736.00,9.46,6.16,2.07,8632,67652659,-61.01,-655516,0
20260916,437730,삼현,49500.0,150.91,11.88,328.00,4168.00,1.59,1.97,1.22,15695,31707567,-35.63,-21705,0
20260916,443670,에스피소프트,5290.0,34.13,1.91,155.00,2772.00,1.48,23.71,3.58,1270,24010564,-27.43,54842,0
20260916,456160,지투지바이오,33000.0,-2.33,-1.72,-14150.00,-19236.00,6.05,1.11,0.93,5488,16629426,-86.69,-29454,0
20260916,457370,한켐,9730.0,11.38,1.42,855.00,6868.00,0.87,90.14,6.35,785,8067134,-42.90,8727,0
20260917,000150,두산,1405000.0,396.22,16.08,3546.00,87399.00,19.45,1.19,0.50,227523,16193835,-43.55,-74056,0
20260917,000500,가온전선,260500.0,145.78,16.03,1787.00,16247.00,1.62,0.96,0.55,77571,29777607,-58.98,67452,0
20260917,000660,SK하이닉스,1745000.0,29.60,10.16,58955.00,171751.00,50.20,0.35,0.41,12747092,730492365,-41.58,-626584,0
20260917,000990,DB하이텍,124500.0,21.53,2.37,5783.00,52634.00,24.00,1.54,1.50,54163,43504588,-45.99,-163500,0
20260917,001440,대한전선,28300.0,62.61,3.28,452.00,8622.00,11.46,0.45,1.55,55466,195992596,-62.71,-10766,0
20260917,0015N0,아로마티카,13400.0,30.88,7.34,434.00,1825.00,3.52,5.27,1.31,1685,12576922,-57.46,-8075,0
20260917,001820,삼화콘덴서,137600.0,114.10,5.15,1206.00,26701.00,5.56,5.60,2.82,14304,10395000,-30.08,-43248,0
20260917,003350,한국화장품제조,14830.0,0.00,0.00,0.00,0.00,1.01,2.41,2.86,3360,22660000,-75.96,24798,0
20260917,003490,대한항공,29400.0,13.93,0.99,2111.00,29659.00,51.53,0.42,0.56,108257,368220609,-5.77,-15658,-180867
20260917,004020,현대제철,34100.0,-655.77,0.23,-52.00,147255.00,14.69,0.60,1.12,45505,133445785,-32.34,-274291,0
20260917,004310,현대약품,10500.0,0.00,0.00,0.00,0.00,1.25,51.83,3.22,3360,32000000,-34.21,-39994,0
20260917,004710,한솔테크닉스,9200.0,-24.21,1.08,-380.00,8521.00,5.53,3.02,2.24,4887,53119817,-44.00,-72850,0
20260917,005380,현대차,363000.0,10.27,0.83,35331.00,439541.00,24.39,0.17,0.83,743271,204757766,-53.64,52527,0
20260917,005930,삼성전자,252500.0,38.47,3.95,6564.00,63997.00,46.52,0.19,0.38,14761853,5846278608,-32.58,-2093182,0
20260917,005935,삼성전자우,193300.0,0.00,0.00,0.00,0.00,75.63,0.33,0.35,1550984,802371203,-20.62,0,0
20260917,006340,대원전선,12860.0,113.81,8.42,113.00,1527.00,2.83,1.48,5.32,10084,78414416,-36.65,62686,0
20260917,006360,GS건설,36600.0,33.49,0.65,1093.00,56462.00,19.92,0.78,1.78,31323,85581490,-18.39,-115321,0
20260917,006400,삼성SDI,539000.0,-64.74,1.98,-8325.00,272485.00,25.69,0.22,1.12,434356,80585530,-25.45,-30652,0
20260917,007660,이수페타시스,106000.0,46.96,10.30,2257.00,10292.00,16.20,1.12,1.33,77814,73409219,-35.52,-53046,0
20260917,009150,삼성전기,1330000.0,146.17,10.53,9099.00,126302.00,37.69,0.55,1.00,993426,74693696,-44.97,-84070,0
20260917,009540,HD한국조선해양,348500.0,11.37,1.85,30639.00,187883.00,33.25,0.26,0.26,246644,70773116,-29.52,22303,0
20260917,009830,한화솔루션,28400.0,-8.41,0.59,-3377.00,47898.00,13.27,0.35,1.69,63869,224892536,-52.11,-64102,0
20260917,010120,LS ELECTRIC,202000.0,105.70,14.51,1911.00,13920.00,18.62,0.18,0.87,303000,150000000,-77.73,23866,0
20260917,010140,삼성중공업,21500.0,34.68,4.43,620.00,4857.00,28.36,0.51,1.23,189200,880000000,-39.18,1124090,0
20260917,010170,대한광통신,16130.0,-66.65,32.85,-242.00,491.00,4.88,14.12,0.00,25080,155485660,-48.79,-606002,0
20260917,012330,현대모비스,381000.0,9.60,0.69,39682.00,551325.00,38.05,0.29,0.65,342216,89820585,-53.65,45621,0
20260917,012450,한화에어로스페이스,1097000.0,38.39,5.83,28573.00,188244.00,45.48,0.27,0.17,565651,51563401,-33.72,21137,0
20260917,017900,광전자,10250.0,140.41,2.14,73.00,4784.00,18.42,10.17,0.89,5939,57943763,-54.34,-174709,0
20260917,0220W0,한화머시너리앤서비스홀딩스,6660.0,0.00,0.00,0.00,0.00,15.04,1.67,1.39,5629,84515535,-48.77,100791,0
20260917,024060,흥구석유,13610.0,331.95,2.56,41.00,5307.00,0.01,8.58,3.81,2042,15000000,-62.40,159923,0
20260917,024840,KBI메탈,5880.0,-5880.00,1.69,-1.00,3484.00,1.83,7.50,2.59,2546,43291236,-50.00,484558,0
20260917,028050,삼성E&A,51100.0,16.22,2.11,3150.00,24187.00,38.62,0.65,1.08,100156,196000000,-24.07,-102045,0
20260917,028260,삼성물산,355500.0,25.10,1.17,14165.00,305019.00,30.70,0.11,0.16,576506,162167581,-37.08,29956,0
20260917,028670,팬오션,5880.0,10.43,0.55,564.00,10707.00,17.22,0.36,0.63,31433,534569512,-10.91,-53530,0
20260917,030000,제일기획,17380.0,9.63,1.12,1804.00,15525.00,17.96,0.51,0.12,19994,115041225,-25.41,-169405,0
20260917,030530,원익홀딩스,25500.0,71.83,1.95,355.00,13088.00,5.04,1.75,1.17,19696,77237981,-49.60,11524,0
20260917,031980,피에스케이홀딩스,166900.0,39.25,7.11,4252.00,23484.00,6.54,0.51,0.35,35988,21562395,-4.08,3327,0
20260917,032820,우리기술,13330.0,2666.00,17.66,5.00,755.00,4.99,2.76,0.54,23032,172784612,-55.86,-238642,0
20260917,032830,삼성생명,280500.0,24.36,0.80,11514.00,349293.00,23.15,0.11,0.06,561000,200000000,-45.69,-18214,0
20260917,032940,원익,9880.0,15.63,0.63,632.00,15605.00,1.27,3.47,2.65,1797,18193181,-44.49,-46572,0
20260917,034020,두산에너빌리티,85400.0,646.97,7.03,132.00,12156.00,23.27,0.26,1.31,547039,640561146,-38.65,-48568,0
20260917,034220,LG디스플레이,8380.0,18.50,0.63,453.00,13208.00,26.54,0.43,0.95,41900,500000000,-53.31,-571292,0
20260917,035420,NAVER,199000.0,16.08,1.08,12376.00,184396.00,35.96,0.36,1.95,302668,152094369,-34.54,-148019,0
20260917,035720,카카오,33500.0,30.18,1.31,1110.00,25625.00,28.86,0.27,1.12,148405,442999903,-51.94,189837,0
20260917,036220,오상헬스케어,6740.0,31.50,0.33,214.00,20439.00,0.90,0.63,0.89,964,14309416,-59.64,-8107,0
20260917,036540,SFA반도체,8650.0,-74.57,3.00,-116.00,2884.00,8.26,2.37,0.86,14226,164460303,-25.69,582806,0
20260917,039030,이오테크닉스,462500.0,99.59,8.28,4644.00,55838.00,25.00,0.72,1.06,56978,12319550,-25.76,-22745,0
20260917,042370,비츠로테크,11440.0,45.22,1.16,253.00,9877.00,7.64,34.02,1.84,2997,26200025,-51.93,-151587,0
20260917,042510,라온시큐어,11810.0,39.11,2.37,302.00,4975.00,0.70,5.04,3.52,1312,11105828,-30.37,2902,0
20260917,042700,한미반도체,225500.0,100.99,30.98,2233.00,7278.00,7.06,0.30,1.36,214929,95312200,-47.07,13656,0
20260917,043260,성호전자,21600.0,16.11,6.11,1341.00,3536.00,2.54,18.66,0.34,16298,75451848,-63.76,40000,217387
20260917,046970,우리로,7020.0,-390.00,7.77,-18.00,903.00,0.59,4.56,0.00,3077,43824999,-56.67,34557,0
20260917,047040,대우건설,18490.0,-8.42,2.27,-2195.00,8148.00,10.85,0.83,1.02,75977,410907638,-54.18,-431574,0
20260917,049080,기가레인,10340.0,-8.28,2.12,-1249.00,4871.00,1.42,28.69,0.00,878,8488334,-30.84,-159928,0
20260917,050890,쏠리드,9340.0,15.64,1.59,597.00,5886.00,14.68,4.21,3.70,5675,60756534,-55.31,-124116,0
20260917,051160,지어소프트,11980.0,14.68,1.12,816.00,10737.00,18.76,22.01,0.71,1854,15474430,-7.06,26880,0
20260917,052690,한전기술,137600.0,61.59,8.38,2234.00,16428.00,11.70,1.08,1.92,52591,38220000,-30.51,52958,0
20260917,052710,아모텍,15880.0,35.37,1.79,449.00,8855.00,6.44,2.45,0.71,2967,18680800,-56.19,-13260,0
20260917,053300,한국정보인증,5190.0,8.41,1.02,617.00,5107.00,1.36,0.88,1.62,2053,39565146,-33.03,-10910,0
20260917,054920,한컴위드,5070.0,18.24,0.87,278.00,5802.00,2.72,11.48,2.36,1431,28217081,-43.54,-254548,0
20260917,055550,신한지주,113300.0,11.23,0.93,10085.00,121468.00,61.82,0.17,0.01,531887,469450239,-2.75,-114497,0
20260917,058610,에스피지,98500.0,239.08,8.47,412.00,11633.00,4.98,0.92,4.02,21845,22177360,-40.56,-25631,0
20260917,066570,LG전자,197900.0,37.19,1.49,5321.00,132659.00,29.64,0.23,0.87,322349,162884638,-54.82,-27302,0
20260917,067310,하나마이크론,37600.0,65.39,6.26,575.00,6007.00,17.66,4.80,3.55,25001,66490869,-35.73,331322,0
20260917,072950,빛샘전자,13340.0,14.22,1.29,938.00,10357.00,1.76,76.14,2.46,1074,8052610,-48.09,-59393,0
20260917,078350,한양디지텍,22350.0,22.76,1.92,982.00,11658.00,6.57,13.34,4.01,3407,15244382,-49.55,148436,0
20260917,079550,LIG디펜스앤에어로스페이스,708000.0,61.48,10.81,11516.00,65465.00,27.09,0.64,0.80,155760,22000000,-36.67,25739,0
20260917,080220,제주반도체,72500.0,63.21,10.75,1147.00,6742.00,0.00,1.50,4.33,24971,34442833,-47.46,71246,0
20260917,082740,한화엔진,53000.0,25.46,7.95,2082.00,6666.00,14.44,2.47,1.06,44227,83447142,-43.86,313468,0
20260917,086520,에코프로,82300.0,-74.61,5.63,-1103.00,14608.00,18.83,0.18,2.28,111744,135776152,-56.68,-13026,0
20260917,086790,하나금융지주,137500.0,9.74,0.83,14110.00,164776.00,68.92,0.25,0.03,372584,270969910,-3.51,-58929,0
20260917,088350,한화생명,6010.0,8.14,0.33,738.00,18466.00,8.89,0.59,0.56,52199,868530000,-20.50,621022,0
20260917,093370,후성,14810.0,296.20,4.75,50.00,3118.00,9.78,3.60,1.42,15885,107255330,-37.11,-119795,0
20260917,096770,SK이노베이션,139400.0,-6.62,1.07,-21056.00,129848.00,15.73,0.31,0.48,235660,169052788,-15.36,-25697,0
20260917,101730,위메이드맥스,4770.0,-11.20,0.86,-426.00,5563.00,9.23,0.45,0.68,3997,83803286,-41.54,-15346,0
20260917,105560,KB금융,179200.0,11.85,1.09,15116.00,164669.00,78.99,0.25,0.02,635600,354687734,-7.87,-34765,0
20260917,108490,로보티즈,310000.0,822.28,14.28,377.00,21707.00,7.05,1.56,1.86,45468,14667028,-33.19,270,0
20260917,115440,우리넷,9370.0,27.56,1.02,340.00,9217.00,1.84,6.43,2.31,1011,10794292,-56.11,-47363,0
20260917,117670,알파칩스,10360.0,-4.87,1.51,-2127.00,6843.00,1.09,0.91,0.00,690,6661742,-51.36,-5889,0
20260917,119850,지엔씨에너지,51300.0,21.13,3.79,2428.00,13535.00,7.76,7.99,4.52,8438,16448909,-11.55,127306,0
20260917,126340,비나텍,77400.0,-87.16,6.54,-888.00,11841.00,10.73,3.81,1.26,5558,7180414,-62.15,-64040,0
20260917,126730,코칩,24550.0,73.28,3.51,335.00,7001.00,0.73,25.48,3.35,2153,8770126,-32.74,-36346,0
20260917,128940,한미약품,515000.0,38.91,5.23,13235.00,98560.00,12.99,1.34,2.10,65977,12810991,-20.40,-26932,0
20260917,138080,오이솔루션,27000.0,-10.78,4.68,-2504.00,5774.00,3.12,7.65,0.02,3342,12377758,-53.37,4919,0
20260917,158430,아톤,5740.0,91.11,1.35,63.00,4240.00,4.30,8.15,4.18,1405,24482092,-49.52,-210771,0
20260917,192650,드림텍,7660.0,7660.00,1.36,1.00,5644.00,58.96,7.63,2.30,5047,65886829,-16.01,-70686,0
20260917,196170,알테오젠,254000.0,125.37,39.99,2026.00,6352.00,15.30,0.27,2.44,176924,69655133,-55.36,-24918,0
20260917,200470,에이팩트,7230.0,-6.04,5.54,-1197.00,1304.00,2.95,7.56,0.39,3168,43823556,-44.81,532435,0
20260917,204270,제이앤티씨,22400.0,-14.15,5.17,-1583.00,4333.00,2.79,1.14,2.13,12958,57848466,-25.58,-7445,0
20260917,217590,티엠씨,13770.0,-625.91,2.96,-22.00,4647.00,3.29,12.94,2.86,3318,24094225,-64.42,144978,0
20260917,218410,RFHIC,53400.0,49.35,3.99,1082.00,13376.00,21.29,2.10,3.57,14191,26575442,-57.92,-83448,0
20260917,222800,심텍,128200.0,-25.87,8.31,-4955.00,15419.00,11.46,0.60,1.67,48683,37974228,-21.92,775,0
20260917,224060,더코디,7830.0,1.66,0.34,4706.00,23122.00,0.00,6.10,0.00,404,5160722,-38.59,800,0
20260917,226950,올릭스,114200.0,-147.55,16.95,-774.00,6738.00,9.36,0.95,0.51,25981,22750539,-47.37,-51864,0
20260917,240810,원익IPS,118000.0,68.93,5.92,1712.00,19936.00,15.21,1.26,1.21,57919,49083901,-37.17,110,0
20260917,251270,넷마블,34300.0,13.10,0.52,2618.00,66269.00,13.76,13.51,0.56,28523,83158425,-50.29,-7064,-11164694
20260917,263860,지니언스,18850.0,22.82,2.62,826.00,7189.00,26.11,2.39,1.92,1712,9079600,-37.17,20557,0
20260917,267260,HD현대일렉트릭,712000.0,35.03,12.63,20324.00,56366.00,34.35,0.19,0.37,256656,36047135,-50.21,2016,0
20260917,272210,한화시스템,77500.0,60.45,2.99,1282.00,25933.00,10.50,0.61,0.63,146413,188919389,-57.88,118540,0
20260917,278470,에이피알,353000.0,45.82,29.64,7704.00,11910.00,37.92,0.63,0.91,132157,37438155,-25.68,-37130,0
20260917,295310,에이치브이엠,60700.0,-77.52,10.93,-783.00,5555.00,4.61,4.89,1.89,7530,12404558,-57.85,-29256,0
20260917,298040,효성중공업,2861000.0,51.31,11.33,55755.00,252555.00,27.07,0.34,0.45,266775,9324548,-39.67,3529,0
20260917,298380,에이비엘바이오,58100.0,-83.84,20.70,-693.00,2807.00,14.09,0.40,1.34,32529,55987463,-77.44,29503,0
20260917,316140,우리금융지주,36300.0,8.60,0.74,4221.00,49068.00,50.18,0.27,0.11,267454,736786557,-12.53,107294,0
20260917,317850,대모,6300.0,27.75,1.09,227.00,5781.00,3.18,47.72,2.47,524,8324420,-42.25,-94743,0
20260917,319400,현대무벡스,21900.0,221.21,15.05,99.00,1455.00,5.34,4.05,1.21,24391,111376039,-56.55,59539,3864053
20260917,329180,HD현대중공업,469500.0,29.90,5.27,15702.00,89025.00,13.67,0.25,0.33,492793,104961225,-38.63,7427,0
20260917,332570,PS일렉트로닉스,8610.0,24.53,3.24,351.00,2656.00,0.00,3.11,6.64,3955,45940603,-42.56,21166,0
20260917,336260,두산퓨얼셀,50300.0,-30.99,11.20,-1623.00,4491.00,13.98,0.66,0.50,32943,65493726,-53.81,-100865,0
20260917,347700,스피어,23750.0,4750.00,16.00,5.00,1484.00,9.02,10.78,0.43,12243,51551362,-58.55,-251428,0
20260917,353200,대덕전자,100700.0,108.98,5.78,924.00,17419.00,18.34,1.05,1.56,49763,49416925,-49.14,21757,0
20260917,356680,엑스게이트,17250.0,123.21,11.08,140.00,1557.00,0.70,8.42,1.79,4924,28543492,-43.54,77565,0
20260917,373220,LG에너지솔루션,365000.0,-79.61,4.22,-4585.00,86391.00,5.54,0.07,0.14,854100,234000000,-30.74,-21216,0
20260917,386380,스카이랩스,20250.0,0.00,0.00,0.00,0.00,0.44,6.43,0.00,3799,18761977,-48.54,-12004,0
20260917,402340,SK스퀘어,1008000.0,15.17,4.81,66468.00,209564.00,46.49,0.23,0.23,1329794,131923998,-53.95,36950,0
20260917,403870,HPSP,53100.0,0.00,0.00,0.00,0.00,32.87,1.16,2.00,43701,82300000,-42.28,20399,0
20260917,411080,샌즈랩,6530.0,-181.39,1.85,-36.00,3538.00,1.09,5.02,1.65,997,15267638,-36.97,5543,0
20260917,413630,씨피시스템,4480.0,84.53,3.75,53.00,1194.00,0.49,6.58,2.19,1632,36436605,-27.63,-46583,0
20260917,417200,LS머트리얼즈,13150.0,2191.67,4.81,6.00,2736.00,8.51,2.13,2.08,8896,67652659,-59.82,-74642,0
20260917,437730,삼현,48350.0,147.41,11.60,328.00,4168.00,1.48,1.07,1.22,15331,31707567,-37.13,-17605,0
20260917,443670,에스피소프트,5670.0,36.58,2.05,155.00,2772.00,1.24,13.23,3.65,1361,24010564,-22.22,97789,0
20260917,456160,지투지바이오,33000.0,-2.33,-1.72,-14150.00,-19236.00,5.75,0.43,0.89,5488,16629426,-86.69,-1159,0
20260917,457370,한켐,12640.0,14.78,1.84,855.00,6868.00,1.39,178.99,6.37,1020,8067134,-25.82,-51693,0
20260918,000150,두산,1447000.0,408.07,16.56,3546.00,87399.00,18.89,0.87,0.49,234325,16193835,-41.86,-29239,0
20260918,000500,가온전선,327000.0,182.99,20.13,1787.00,16247.00,1.96,4.58,0.52,97373,29777607,-48.50,365455,0
20260918,000660,SK하이닉스,1839000.0,31.19,10.71,58955.00,171751.00,50.10,0.38,0.41,13433755,730492365,-38.43,465186,0
20260918,000990,DB하이텍,127200.0,22.00,2.42,5783.00,52634.00,23.48,1.18,1.53,55338,43504588,-44.82,1783,0
20260918,001440,대한전선,31450.0,69.58,3.65,452.00,8622.00,11.44,4.04,1.55,61640,195992596,-58.56,961566,0
20260918,0015N0,아로마티카,13570.0,31.27,7.44,434.00,1825.00,3.39,5.67,1.82,1707,12576922,-56.92,-49928,0
20260918,001820,삼화콘덴서,144800.0,120.07,5.42,1206.00,26701.00,5.24,15.76,2.62,15052,10395000,-26.42,84981,0
20260918,003350,한국화장품제조,15630.0,0.00,0.00,0.00,0.00,1.07,17.98,2.91,3542,22660000,-74.67,104601,0
20260918,003490,대한항공,29300.0,13.88,0.99,2111.00,29659.00,52.22,0.65,0.56,107889,368220609,-6.09,-344370,1197754
20260918,004020,현대제철,36000.0,-692.31,0.24,-52.00,147255.00,14.45,0.72,1.18,48040,133445785,-28.57,-81238,0
20260918,004310,현대약품,10070.0,0.00,0.00,0.00,0.00,1.24,11.46,3.61,3222,32000000,-36.90,-211993,0
20260918,004710,한솔테크닉스,9990.0,-26.29,1.17,-380.00,8521.00,5.31,2.18,2.36,5307,53119817,-39.20,-179542,0
20260918,005380,현대차,367000.0,10.39,0.83,35331.00,439541.00,24.37,0.16,0.83,751461,204757766,-53.13,-32686,0
20260918,005930,삼성전자,259750.0,39.57,4.06,6564.00,63997.00,46.48,0.19,0.38,15185709,5846278608,-30.64,-1656269,0
20260918,005935,삼성전자우,198000.0,0.00,0.00,0.00,0.00,75.53,0.28,0.36,1588695,802371203,-18.69,0,0
20260918,006340,대원전선,13890.0,122.92,9.10,113.00,1527.00,2.83,14.62,5.28,10892,78414416,-31.58,677380,0
20260918,006360,GS건설,36900.0,33.76,0.65,1093.00,56462.00,19.77,2.69,1.80,31580,85581490,-17.73,111660,0
20260918,006400,삼성SDI,541000.0,-64.98,1.99,-8325.00,272485.00,25.64,0.25,1.09,435968,80585530,-25.17,-47398,0
20260918,007660,이수페타시스,103700.0,45.95,10.08,2257.00,10292.00,16.19,3.01,1.32,76125,73409219,-36.92,-470495,0
20260918,009150,삼성전기,1390000.0,152.76,11.01,9099.00,126302.00,37.52,0.98,0.99,1038242,74693696,-42.49,35995,0
20260918,009540,HD한국조선해양,337500.0,11.02,1.80,30639.00,187883.00,33.29,0.23,0.27,238859,70773116,-31.75,-15973,0
20260918,009830,한화솔루션,28500.0,-8.44,0.60,-3377.00,47898.00,13.19,0.53,1.61,64094,224892536,-51.94,-9255,0
20260918,010120,LS ELECTRIC,211500.0,110.68,15.19,1911.00,13920.00,18.66,0.48,0.89,317250,150000000,-76.68,191505,0
20260918,010140,삼성중공업,20800.0,33.55,4.28,620.00,4857.00,28.59,0.36,1.29,183040,880000000,-41.16,-722309,0
20260918,010170,대한광통신,18140.0,-74.96,36.95,-242.00,491.00,4.61,31.80,0.00,28205,155485660,-42.41,4951441,0
20260918,011070,LG이노텍,532000.0,36.90,2.18,14419.00,243532.00,26.87,0.82,1.75,125909,23667107,-70.25,35017,0
20260918,011200,HMM,20800.0,10.64,0.74,1955.00,28168.00,8.70,0.16,0.33,196193,943237970,-16.63,127046,0
20260918,012330,현대모비스,379000.0,9.55,0.69,39682.00,551325.00,38.02,0.37,0.65,340420,89820585,-53.89,-30375,0
20260918,012450,한화에어로스페이스,1098000.0,38.43,5.83,28573.00,188244.00,45.51,0.15,0.19,566166,51563401,-33.66,-11859,0
20260918,017670,SK텔레콤,89200.0,46.92,1.48,1901.00,60395.00,69.39,0.79,0.86,191593,214790053,-36.06,9584,-1201060
20260918,017900,광전자,10510.0,143.97,2.20,73.00,4784.00,18.13,33.95,1.36,6090,57943763,-53.18,56737,0
20260918,0220W0,한화머시너리앤서비스홀딩스,6370.0,0.00,0.00,0.00,0.00,15.13,2.16,1.37,5384,84515535,-51.00,-447629,0
20260918,024060,흥구석유,12940.0,315.61,2.44,41.00,5307.00,1.22,9.24,4.09,1941,15000000,-64.25,157176,0
20260918,024840,KBI메탈,6500.0,-6500.00,1.87,-1.00,3484.00,2.85,34.16,2.59,2814,43291236,-44.73,933857,0
20260918,028050,삼성E&A,51800.0,16.44,2.14,3150.00,24187.00,38.54,2.79,1.08,101528,196000000,-23.03,-98720,0
20260918,028260,삼성물산,351000.0,24.78,1.15,14165.00,305019.00,30.72,0.18,0.17,569208,162167581,-37.88,-48345,0
20260918,028670,팬오션,5750.0,10.20,0.54,564.00,10707.00,17.23,0.55,0.67,30738,534569512,-12.88,-288023,0
20260918,030000,제일기획,17300.0,9.59,1.11,1804.00,15525.00,17.80,1.25,0.13,19902,115041225,-25.75,-294057,0
20260918,030530,원익홀딩스,25800.0,72.68,1.97,355.00,13088.00,5.04,1.74,1.40,19927,77237981,-49.01,-31661,0
20260918,031980,피에스케이홀딩스,159900.0,37.61,6.81,4252.00,23484.00,6.54,0.48,0.32,34478,21562395,-8.10,-10577,0
20260918,032640,LG유플러스,14050.0,11.63,0.67,1208.00,20826.00,82.99,0.60,0.07,59632,424427732,-25.27,-975983,-1954796
20260918,032820,우리기술,13870.0,2774.00,18.37,5.00,755.00,4.92,3.18,0.55,23965,172784612,-54.07,506895,0
20260918,032830,삼성생명,283500.0,24.62,0.81,11514.00,349293.00,23.13,0.09,0.06,567000,200000000,-45.11,-6686,0
20260918,032940,원익,9640.0,15.25,0.62,632.00,15605.00,1.13,2.58,2.72,1754,18193181,-45.84,-32181,0
20260918,034020,두산에너빌리티,85100.0,644.70,7.00,132.00,12156.00,23.23,0.28,1.33,545118,640561146,-38.86,-627479,0
20260918,034220,LG디스플레이,8400.0,18.54,0.64,453.00,13208.00,26.70,0.77,0.96,42000,500000000,-53.20,-782561,0
20260918,034730,SK,545000.0,24.93,1.19,21863.00,457231.00,30.29,0.35,0.18,395140,72502703,-38.28,-6384,0
20260918,035420,NAVER,197700.0,15.97,1.07,12376.00,184396.00,35.84,0.82,1.93,300691,152094369,-34.97,-254472,0
20260918,035720,카카오,33550.0,30.23,1.31,1110.00,25625.00,28.88,0.32,1.12,148626,442999903,-51.87,-212901,0
20260918,036220,오상헬스케어,6760.0,31.59,0.33,214.00,20439.00,0.91,0.26,1.04,967,14309416,-58.96,1965,0
20260918,036540,SFA반도체,9030.0,-77.84,3.13,-116.00,2884.00,8.51,2.81,0.90,14851,164460303,-22.42,766294,0
20260918,039030,이오테크닉스,453500.0,97.65,8.12,4644.00,55838.00,25.02,0.50,1.04,55869,12319550,-27.21,43,0
20260918,042370,비츠로테크,11440.0,45.22,1.16,253.00,9877.00,7.04,23.23,1.85,2997,26200025,-51.93,-314936,0
20260918,042510,라온시큐어,11560.0,38.28,2.32,302.00,4975.00,0.67,4.28,4.24,1284,11105828,-31.84,3765,0
20260918,042700,한미반도체,235500.0,105.46,32.36,2233.00,7278.00,7.06,0.48,1.39,224460,95312200,-44.72,148925,0
20260918,043260,성호전자,26800.0,19.99,7.58,1341.00,3536.00,2.41,25.58,0.32,20221,75451848,-55.03,-242609,0
20260918,046970,우리로,8080.0,-448.89,8.95,-18.00,903.00,0.69,44.14,0.00,3541,43824999,-50.12,1445881,0
20260918,047040,대우건설,18910.0,-8.62,2.32,-2195.00,8148.00,10.74,1.86,1.00,77703,410907638,-53.14,25185,0
20260918,049080,기가레인,10380.0,-8.31,2.13,-1249.00,4871.00,0.08,22.14,0.00,881,8488334,-30.57,-72553,0
20260918,050890,쏠리드,9760.0,16.35,1.66,597.00,5886.00,14.52,6.12,3.65,5930,60756534,-53.30,56105,0
20260918,051160,지어소프트,12060.0,14.78,1.12,816.00,10737.00,18.88,7.90,0.70,1866,15474430,-6.51,263803,0
20260918,052690,한전기술,134300.0,60.12,8.18,2234.00,16428.00,11.89,1.40,1.97,51329,38220000,-32.17,-129904,0
20260918,052710,아모텍,17000.0,37.86,1.92,449.00,8855.00,6.37,12.38,0.77,3176,18680800,-53.10,-38282,0
20260918,053300,한국정보인증,5200.0,8.43,1.02,617.00,5107.00,1.30,0.72,1.90,2057,39565146,-32.90,-24282,0
20260918,054920,한컴위드,4930.0,17.73,0.85,278.00,5802.00,1.81,11.91,2.21,1391,28217081,-45.10,-226678,0
20260918,055550,신한지주,111500.0,11.06,0.92,10085.00,121468.00,61.80,0.13,0.01,523437,469450239,-4.29,-141675,0
20260918,058610,에스피지,99400.0,241.26,8.54,412.00,11633.00,4.88,0.70,3.74,22044,22177360,-40.01,13019,0
20260918,066570,LG전자,198400.0,37.29,1.50,5321.00,132659.00,29.62,0.48,0.86,323163,162884638,-54.70,-18451,0
20260918,067310,하나마이크론,38650.0,67.22,6.43,575.00,6007.00,18.30,2.34,3.56,25699,66490869,-33.93,-29054,0
20260918,072950,빛샘전자,14210.0,15.15,1.37,938.00,10357.00,1.01,176.75,3.35,1144,8052610,-44.71,47415,0
20260918,078350,한양디지텍,25550.0,26.02,2.19,982.00,11658.00,6.98,11.22,3.99,3895,15244382,-42.33,-34059,0
20260918,079550,LIG디펜스앤에어로스페이스,744000.0,64.61,11.36,11516.00,65465.00,27.31,0.48,0.82,163680,22000000,-33.45,15599,0
20260918,080220,제주반도체,73400.0,63.99,10.89,1147.00,6742.00,0.10,1.68,4.27,25281,34442833,-46.81,85141,0
20260918,082740,한화엔진,51300.0,24.64,7.70,2082.00,6666.00,14.80,1.04,1.13,42808,83447142,-45.66,-310355,0
20260918,086520,에코프로,81100.0,-73.53,5.55,-1103.00,14608.00,18.97,0.36,2.23,110114,135776152,-57.32,-203258,0
20260918,086790,하나금융지주,133100.0,9.43,0.81,14110.00,164776.00,68.89,0.37,0.03,360661,270969910,-6.60,-131126,0
20260918,088350,한화생명,5860.0,7.94,0.32,738.00,18466.00,8.91,0.32,0.57,50896,868530000,-22.49,-586244,0
20260918,089970,브이엠,55100.0,54.13,8.07,1018.00,6824.00,14.79,4.55,2.41,14506,26326765,-54.87,-16902,0
20260918,093370,후성,14730.0,294.60,4.72,50.00,3118.00,9.72,3.63,1.55,15799,107255330,-37.45,210905,0
20260918,096770,SK이노베이션,136400.0,-6.48,1.05,-21056.00,129848.00,15.76,0.30,0.48,230588,169052788,-17.18,32884,0
20260918,098460,고영,27650.0,128.60,5.44,215.00,5079.00,29.56,2.18,3.55,18858,68204213,-38.56,-370382,0
20260918,101730,위메이드맥스,4610.0,-10.82,0.83,-426.00,5563.00,9.13,0.29,0.87,3863,83803286,-43.50,21098,0
20260918,105560,KB금융,175400.0,11.60,1.07,15116.00,164669.00,78.99,0.19,0.02,622122,354687734,-9.82,-114242,0
20260918,108490,로보티즈,306500.0,813.00,14.12,377.00,21707.00,7.04,1.35,1.86,44954,14667028,-33.94,-1826,0
20260918,115440,우리넷,10210.0,30.03,1.11,340.00,9217.00,1.40,51.96,2.37,1102,10794292,-52.18,150390,0
20260918,117670,알파칩스,11640.0,-5.47,1.70,-2127.00,6843.00,0.90,10.41,0.00,775,6661742,-45.35,-9213,0
20260918,119850,지엔씨에너지,54200.0,22.32,4.00,2428.00,13535.00,8.56,8.84,4.51,8915,16448909,-6.55,83628,0
20260918,125490,한라캐스트,12050.0,102.99,4.17,117.00,2892.00,1.72,23.03,4.24,4399,36502352,-52.47,-47059,0
20260918,126340,비나텍,80700.0,-90.88,6.82,-888.00,11841.00,8.85,3.34,1.23,5795,7180414,-60.54,-12245,0
20260918,126730,코칩,23850.0,71.19,3.41,335.00,7001.00,0.36,14.13,3.53,2092,8770126,-34.66,2376,0
20260918,128940,한미약품,503000.0,38.01,5.10,13235.00,98560.00,12.79,0.79,2.06,64439,12810991,-22.26,-29810,0
20260918,138080,오이솔루션,27450.0,-10.96,4.75,-2504.00,5774.00,3.06,5.88,0.00,3398,12377758,-52.59,-105840,0
20260918,158430,아톤,5650.0,89.68,1.33,63.00,4240.00,3.43,9.33,4.06,1383,24482092,-50.31,-389630,0
20260918,183300,코미코,30850.0,31.77,5.75,971.00,5361.00,26.81,2.76,1.42,15846,51363275,-83.90,52803,0
20260918,192650,드림텍,7640.0,7640.00,1.35,1.00,5644.00,58.82,1.64,2.31,5034,65886829,-16.23,-336942,0
20260918,196170,알테오젠,253500.0,125.12,39.91,2026.00,6352.00,15.27,0.30,2.41,176576,69655133,-55.45,-17691,0
20260918,200470,에이팩트,7240.0,-6.05,5.55,-1197.00,1304.00,4.16,3.36,0.39,3173,43823556,-44.73,-218555,0
20260918,204270,제이앤티씨,23550.0,-14.88,5.44,-1583.00,4333.00,2.77,1.83,2.14,13623,57848466,-21.76,-62121,0
20260918,217590,티엠씨,14530.0,-660.45,3.13,-22.00,4647.00,3.97,13.48,2.95,3501,24094225,-62.45,174099,0
20260918,218410,RFHIC,60100.0,55.55,4.49,1082.00,13376.00,20.90,6.55,3.53,15972,26575442,-52.64,21136,0
20260918,222800,심텍,125700.0,-25.37,8.15,-4955.00,15419.00,11.52,1.11,1.63,47734,37974228,-23.45,-164214,0
20260918,224060,더코디,5490.0,1.17,0.24,4706.00,23122.00,0.00,13.18,0.00,283,5160722,-56.94,20852,0
20260918,226950,올릭스,110800.0,-143.15,16.44,-774.00,6738.00,9.17,0.66,0.45,25208,22750539,-48.94,-9736,0
20260918,240810,원익IPS,121500.0,70.97,6.09,1712.00,19936.00,15.29,1.36,1.23,59637,49083901,-35.30,68539,0
20260918,251270,넷마블,34650.0,13.24,0.52,2618.00,66269.00,13.76,0.19,0.56,28814,83158425,-49.78,21073,0
20260918,263860,지니언스,18070.0,21.88,2.51,826.00,7189.00,26.33,2.99,2.01,1641,9079600,-39.77,18714,0
20260918,265740,엔에프씨,8250.0,0.00,0.00,0.00,0.00,2.83,16.51,1.99,1474,17863600,-16.24,434927,0
20260918,267260,HD현대일렉트릭,725000.0,35.67,12.86,20324.00,56366.00,34.33,0.34,0.41,261342,36047135,-49.30,-14278,0
20260918,272210,한화시스템,80000.0,62.40,3.08,1282.00,25933.00,10.68,0.62,0.67,151136,188919389,-56.52,-83810,0
20260918,274090,켄코아에어로스페이스,13220.0,-11.17,1.08,-1183.00,12229.00,7.27,36.64,1.42,1821,13774207,-66.62,-191183,0
20260918,278470,에이피알,367000.0,47.64,30.81,7704.00,11910.00,37.94,0.79,0.94,137398,37438155,-22.74,-13553,0
20260918,295310,에이치브이엠,60000.0,-76.63,10.80,-783.00,5555.00,4.19,1.39,1.85,7443,12404558,-58.33,-51919,0
20260918,298040,효성중공업,2894000.0,51.91,11.46,55755.00,252555.00,27.13,0.44,0.48,269852,9324548,-38.97,-1233,0
20260918,298380,에이비엘바이오,56000.0,-80.81,19.95,-693.00,2807.00,14.15,0.74,1.41,31353,55987463,-78.25,146166,0
20260918,316140,우리금융지주,36350.0,8.61,0.74,4221.00,49068.00,50.06,0.29,0.11,267822,736786557,-12.41,-139966,0
20260918,317850,대모,6230.0,27.44,1.08,227.00,5781.00,2.15,2.77,2.45,519,8324420,-42.90,16232,0
20260918,319400,현대무벡스,22500.0,227.27,15.46,99.00,1455.00,5.34,2.78,1.22,25060,111376039,-55.36,1299488,0
20260918,329180,HD현대중공업,463500.0,29.52,5.21,15702.00,89025.00,13.71,0.14,0.33,486495,104961225,-39.41,-45197,0
20260918,332570,PS일렉트로닉스,9100.0,25.93,3.43,351.00,2656.00,0.00,9.01,6.68,4181,45940603,-39.29,441459,0
20260918,336260,두산퓨얼셀,50900.0,-31.36,11.33,-1623.00,4491.00,13.74,0.81,0.58,33336,65493726,-53.26,72928,0
20260918,347700,스피어,24150.0,4830.00,16.27,5.00,1484.00,8.59,3.98,0.42,12450,51551362,-57.85,-158814,0
20260918,353200,대덕전자,103200.0,111.69,5.92,924.00,17419.00,18.31,1.34,1.55,50998,49416925,-47.88,47721,0
20260918,356680,엑스게이트,17540.0,125.29,11.27,140.00,1557.00,0.97,17.56,2.05,5007,28543492,-42.59,-168291,0
20260918,373220,LG에너지솔루션,363500.0,-79.28,4.21,-4585.00,86391.00,5.53,0.06,0.13,850590,234000000,-31.02,-2291,0
20260918,386380,스카이랩스,19440.0,0.00,0.00,0.00,0.00,0.39,8.31,0.00,3647,18761977,-50.60,-7524,0
20260918,402340,SK스퀘어,1075000.0,16.17,5.13,66468.00,209564.00,46.50,0.29,0.24,1418183,131923998,-50.89,-16636,0
20260918,403870,HPSP,53400.0,0.00,0.00,0.00,0.00,32.95,0.97,1.98,43948,82300000,-41.96,16793,0
20260918,411080,샌즈랩,6290.0,-174.72,1.78,-36.00,3538.00,1.13,3.63,1.00,960,15267638,-39.29,-4001,0
20260918,413630,씨피시스템,4410.0,83.21,3.69,53.00,1194.00,0.37,11.38,1.90,1607,36436605,-28.76,-71942,0
20260918,417200,LS머트리얼즈,13500.0,2250.00,4.93,6.00,2736.00,8.41,3.64,2.02,9133,67652659,-58.75,-480949,0
20260918,437730,삼현,50200.0,153.05,12.04,328.00,4168.00,1.30,1.69,0.97,15917,31707567,-34.72,-37609,0
20260918,443670,에스피소프트,5470.0,35.29,1.97,155.00,2772.00,1.46,15.30,3.88,1313,24010564,-24.97,-26900,0
20260918,456010,아이씨티케이,22700.0,-45.49,7.18,-499.00,3161.00,2.02,14.11,1.05,3292,14502350,-43.18,121714,0
20260918,456160,지투지바이오,31600.0,-2.23,-1.64,-14150.00,-19236.00,5.92,0.81,0.89,5255,16629426,-87.26,-14262,0
20260918,457370,한켐,11660.0,13.64,1.70,855.00,6868.00,0.69,34.45,6.46,941,8067134,-31.57,11970,0
20260918,478340,나라스페이스테크놀로지,14460.0,-12.11,-3.16,-1194.00,-4583.00,4.23,37.30,0.55,1673,11570133,-77.62,-219807,0
20260919,000150,두산,1449000.0,408.63,16.58,3546.00,87399.00,18.64,0.89,0.49,234649,16193835,-41.78,-31656,-39584
20260919,000500,가온전선,322000.0,180.19,19.82,1787.00,16247.00,3.62,4.86,0.52,95884,29777607,-49.29,358793,493975
20260919,000660,SK하이닉스,1849000.0,31.36,10.77,58955.00,171751.00,50.23,0.65,0.41,13506804,730492365,-38.10,683313,940163
20260919,000990,DB하이텍,125900.0,21.77,2.39,5783.00,52634.00,23.52,1.44,1.53,54772,43504588,-45.38,-5976,16117
20260919,001440,대한전선,31650.0,70.02,3.67,452.00,8622.00,11.92,4.51,1.55,62032,195992596,-58.30,954576,929151
20260919,0015N0,아로마티카,13650.0,31.45,7.48,434.00,1825.00,2.98,5.92,1.82,1717,12576922,-56.67,-50528,-51440
20260919,001820,삼화콘덴서,143900.0,119.32,5.39,1206.00,26701.00,6.04,16.27,2.62,14958,10395000,-26.88,83177,83571
20260919,003350,한국화장품제조,15600.0,0.00,0.00,0.00,0.00,1.59,18.62,2.91,3535,22660000,-74.72,119227,119104
20260919,003490,대한항공,29150.0,13.81,0.98,2111.00,29659.00,51.58,0.68,0.56,107336,368220609,-6.57,-938432,29814
20260919,004020,현대제철,35850.0,-689.42,0.24,-52.00,147255.00,14.42,0.74,1.18,47840,133445785,-28.87,-81814,-40233
20260919,004310,현대약품,10000.0,0.00,0.00,0.00,0.00,0.59,12.23,3.61,3200,32000000,-37.34,-208008,-208066
20260919,004710,한솔테크닉스,10020.0,-26.37,1.18,-380.00,8521.00,4.93,2.25,2.36,5323,53119817,-39.01,-180909,-198152
20260919,005380,현대차,366500.0,10.37,0.83,35331.00,439541.00,24.36,0.26,0.83,750437,204757766,-53.19,-30227,-33708
20260919,005930,삼성전자,260000.0,39.61,4.06,6564.00,63997.00,46.46,0.30,0.38,15200324,5846278608,-30.57,-1433248,-1379955
20260919,005935,삼성전자우,196900.0,0.00,0.00,0.00,0.00,75.44,0.48,0.36,1579869,802371203,-19.14,0,-679744
20260919,006340,대원전선,13940.0,123.36,9.13,113.00,1527.00,3.68,15.70,5.28,10931,78414416,-31.33,681619,671262
20260919,006360,GS건설,37200.0,34.03,0.66,1093.00,56462.00,19.91,4.18,1.80,31836,85581490,-17.06,139732,120292
20260919,006400,삼성SDI,542000.0,-65.11,1.99,-8325.00,272485.00,25.57,0.39,1.09,436774,80585530,-25.03,-51925,-52304
20260919,007660,이수페타시스,102400.0,45.37,9.95,2257.00,10292.00,15.26,3.11,1.32,75171,73409219,-37.71,-472500,-688359
20260919,009150,삼성전기,1388000.0,152.54,10.99,9099.00,126302.00,37.71,1.17,0.99,1036749,74693696,-42.57,22913,139148
20260919,009540,HD한국조선해양,340000.0,11.10,1.81,30639.00,187883.00,33.24,0.25,0.27,240629,70773116,-31.24,-15512,-32711
20260919,009830,한화솔루션,28650.0,-8.48,0.60,-3377.00,47898.00,13.15,0.80,1.61,64432,224892536,-51.69,-35176,-86999
20260919,010120,LS ELECTRIC,208500.0,109.11,14.98,1911.00,13920.00,18.84,0.49,0.89,312750,150000000,-77.01,227531,275649
20260919,010140,삼성중공업,21050.0,33.95,4.33,620.00,4857.00,28.42,0.39,1.29,185240,880000000,-40.45,-733480,-1449426
20260919,010170,대한광통신,18400.0,-76.03,37.47,-242.00,491.00,7.90,35.70,0.00,28609,155485660,-41.59,5110632,5123652
20260919,011070,LG이노텍,531000.0,36.83,2.18,14419.00,243532.00,27.10,0.85,1.75,125672,23667107,-70.30,34218,54408
20260919,011200,HMM,20950.0,10.72,0.74,1955.00,28168.00,8.73,0.16,0.33,197608,943237970,-16.03,124833,230603
20260919,012330,현대모비스,380500.0,9.59,0.69,39682.00,551325.00,37.88,0.38,0.65,341767,89820585,-53.71,-30824,-131555
20260919,012450,한화에어로스페이스,1092000.0,38.22,5.80,28573.00,188244.00,45.50,0.49,0.19,563072,51563401,-34.02,-24555,-3136
20260919,017670,SK텔레콤,89100.0,46.87,1.48,1901.00,60395.00,70.49,0.82,0.86,191378,214790053,-36.13,3649,-45246
20260919,017900,광전자,10560.0,144.66,2.21,73.00,4784.00,18.29,35.51,1.36,6119,57943763,-52.96,77203,96212
20260919,0220W0,한화머시너리앤서비스홀딩스,6350.0,0.00,0.00,0.00,0.00,14.51,2.44,1.37,5367,84515535,-51.15,-513567,-523962
20260919,024060,흥구석유,12930.0,315.37,2.44,41.00,5307.00,2.35,11.13,4.09,1940,15000000,-64.28,171034,170291
20260919,024840,KBI메탈,6430.0,-6430.00,1.85,-1.00,3484.00,4.95,35.34,2.59,2784,43291236,-45.32,921290,908823
20260919,028050,삼성E&A,52100.0,16.54,2.15,3150.00,24187.00,38.53,2.87,1.08,102116,196000000,-22.59,-95917,-28448
20260919,028260,삼성물산,353500.0,24.96,1.16,14165.00,305019.00,30.67,0.20,0.17,573262,162167581,-37.43,-48476,-79566
20260919,028670,팬오션,5770.0,10.23,0.54,564.00,10707.00,17.18,0.56,0.67,30845,534569512,-12.58,-270043,-278922
20260919,030000,제일기획,17430.0,9.66,1.12,1804.00,15525.00,17.54,1.57,0.13,20052,115041225,-25.19,-293605,-299788
20260919,030530,원익홀딩스,26300.0,74.08,2.01,355.00,13088.00,5.11,2.23,1.40,20314,77237981,-48.02,50873,52998
20260919,031980,피에스케이홀딩스,159900.0,37.61,6.81,4252.00,23484.00,6.49,0.48,0.32,34478,21562395,-8.10,-10461,-10954
20260919,032640,LG유플러스,14190.0,11.75,0.68,1208.00,20826.00,83.40,0.66,0.07,60226,424427732,-24.52,-999641,-1108358
20260919,032820,우리기술,13970.0,2794.00,18.50,5.00,755.00,5.50,3.63,0.55,24138,172784612,-53.74,517326,995886
20260919,032830,삼성생명,283500.0,24.62,0.81,11514.00,349293.00,23.13,0.15,0.06,567000,200000000,-45.11,-3868,-538
20260919,032940,원익,9720.0,15.38,0.62,632.00,15605.00,0.95,2.99,2.72,1768,18193181,-45.39,-34746,-33490
20260919,034020,두산에너빌리티,85700.0,649.24,7.05,132.00,12156.00,23.12,0.37,1.33,548961,640561146,-38.43,-684315,-715436
20260919,034220,LG디스플레이,8420.0,18.59,0.64,453.00,13208.00,26.57,0.79,0.96,42100,500000000,-53.09,-780601,-650092
20260919,034730,SK,550000.0,25.16,1.20,21863.00,457231.00,30.27,0.36,0.18,398765,72502703,-37.71,-6197,-16113
20260919,035420,NAVER,197500.0,15.96,1.07,12376.00,184396.00,35.65,0.85,1.93,300386,152094369,-35.03,-253056,-290075
20260919,035720,카카오,33600.0,30.27,1.31,1110.00,25625.00,28.83,0.34,1.12,148848,442999903,-51.79,-207661,-247331
20260919,036220,오상헬스케어,6810.0,31.82,0.33,214.00,20439.00,1.07,0.28,1.04,974,14309416,-58.65,1965,23965
20260919,036540,SFA반도체,8990.0,-77.50,3.12,-116.00,2884.00,8.60,3.00,0.90,14785,164460303,-22.77,781883,151728
20260919,039030,이오테크닉스,452500.0,97.44,8.10,4644.00,55838.00,24.94,0.51,1.04,55746,12319550,-27.37,105,-9342
20260919,042370,비츠로테크,11630.0,45.97,1.18,253.00,9877.00,5.88,25.21,1.85,3047,26200025,-51.13,-300702,-303938
20260919,042510,라온시큐어,11440.0,37.88,2.30,302.00,4975.00,0.87,5.06,4.24,1271,11105828,-32.55,20073,21774
20260919,042700,한미반도체,235000.0,105.24,32.29,2233.00,7278.00,7.29,0.60,1.39,223984,95312200,-44.84,163090,216531
20260919,043260,성호전자,26400.0,19.69,7.47,1341.00,3536.00,2.11,26.57,0.32,19919,75451848,-55.70,-229396,-231583
20260919,046970,우리로,8140.0,-452.22,9.01,-18.00,903.00,3.44,45.26,0.00,3567,43824999,-49.75,1423671,1205063
20260919,047040,대우건설,19020.0,-8.67,2.33,-2195.00,8148.00,10.74,1.95,1.00,78155,410907638,-52.86,24229,10927
20260919,049080,기가레인,10330.0,-8.27,2.12,-1249.00,4871.00,0.00,22.69,0.00,877,8488334,-30.90,-73105,-6636
20260919,050890,쏠리드,9740.0,16.31,1.65,597.00,5886.00,14.80,6.39,3.65,5918,60756534,-53.40,54257,169130
20260919,051160,지어소프트,12010.0,14.72,1.12,816.00,10737.00,20.59,8.04,0.70,1858,15474430,-6.90,264231,264205
20260919,052690,한전기술,134600.0,60.25,8.19,2234.00,16428.00,11.42,1.89,1.97,51444,38220000,-32.02,-145528,-179989
20260919,052710,아모텍,16960.0,37.77,1.92,449.00,8855.00,6.21,12.59,0.77,3168,18680800,-53.21,-37710,-30321
20260919,053300,한국정보인증,5240.0,8.49,1.03,617.00,5107.00,1.22,0.79,1.90,2073,39565146,-32.39,-26027,-29177
20260919,054920,한컴위드,4930.0,17.73,0.85,278.00,5802.00,1.08,12.65,2.21,1391,28217081,-45.10,-227330,-206705
20260919,055550,신한지주,111100.0,11.02,0.91,10085.00,121468.00,61.77,0.35,0.01,521559,469450239,-4.64,-192050,-160287
20260919,058610,에스피지,99100.0,240.53,8.52,412.00,11633.00,4.95,0.83,3.74,21978,22177360,-40.19,17271,14579
20260919,066570,LG전자,198700.0,37.34,1.50,5321.00,132659.00,29.58,0.52,0.86,323652,162884638,-54.63,-19470,-64360
20260919,067310,하나마이크론,38550.0,67.04,6.42,575.00,6007.00,18.23,2.44,3.56,25632,66490869,-34.10,-31657,-44307
20260919,072950,빛샘전자,13980.0,14.90,1.35,938.00,10357.00,1.47,184.36,3.35,1126,8052610,-45.60,49336,37181
20260919,078350,한양디지텍,24700.0,25.15,2.12,982.00,11658.00,5.63,11.56,3.99,3765,15244382,-44.24,-36650,-206520
20260919,079550,LIG디펜스앤에어로스페이스,737000.0,64.00,11.26,11516.00,65465.00,27.50,0.49,0.82,162140,22000000,-34.08,15813,41649
20260919,080220,제주반도체,73400.0,63.99,10.89,1147.00,6742.00,0.31,1.83,4.27,25281,34442833,-46.81,80661,74075
20260919,082740,한화엔진,51600.0,24.78,7.74,2082.00,6666.00,14.43,1.08,1.13,43059,83447142,-45.34,-311313,-308048
20260919,086520,에코프로,81600.0,-73.98,5.59,-1103.00,14608.00,18.88,0.39,2.23,110793,135776152,-57.05,-200912,-111126
20260919,086790,하나금융지주,133700.0,9.48,0.81,14110.00,164776.00,68.81,0.42,0.03,362287,270969910,-6.18,-138238,-215721
20260919,088350,한화생명,5890.0,7.98,0.32,738.00,18466.00,8.81,0.35,0.57,51156,868530000,-22.09,-597376,-833579
20260919,089970,브이엠,55100.0,54.13,8.07,1018.00,6824.00,14.50,4.60,2.41,14506,26326765,-54.87,-19041,-78304
20260919,093370,후성,14570.0,291.40,4.67,50.00,3118.00,9.88,3.90,1.55,15627,107255330,-38.13,196545,176779
20260919,096770,SK이노베이션,137000.0,-6.51,1.06,-21056.00,129848.00,15.77,0.38,0.48,231602,169052788,-16.82,41332,22653
20260919,098460,고영,27750.0,129.07,5.46,215.00,5079.00,29.01,2.29,3.55,18927,68204213,-38.33,-365568,-369958
20260919,101730,위메이드맥스,4625.0,-10.86,0.83,-426.00,5563.00,9.15,0.37,0.87,3876,83803286,-43.32,16443,17309
20260919,105560,KB금융,175700.0,11.62,1.07,15116.00,164669.00,78.95,0.32,0.02,623186,354687734,-9.67,-120449,-159690
20260919,108490,로보티즈,307500.0,815.65,14.17,377.00,21707.00,6.98,1.53,1.86,45101,14667028,-33.73,-3020,-9391
20260919,115440,우리넷,10220.0,30.06,1.11,340.00,9217.00,2.83,52.72,2.37,1103,10794292,-52.13,148667,154550
20260919,117670,알파칩스,11900.0,-5.59,1.74,-2127.00,6843.00,0.82,11.03,0.00,793,6661742,-44.13,-6389,-5387
20260919,119850,지엔씨에너지,54000.0,22.24,3.99,2428.00,13535.00,8.45,9.04,4.51,8882,16448909,-6.90,79807,-19135
20260919,125490,한라캐스트,11930.0,101.97,4.13,117.00,2892.00,1.77,23.49,4.24,4355,36502352,-52.94,-22911,17191
20260919,126340,비나텍,81100.0,-91.33,6.85,-888.00,11841.00,8.78,3.48,1.23,5823,7180414,-60.34,-12243,-4996
20260919,126730,코칩,23700.0,70.75,3.39,335.00,7001.00,0.39,14.48,3.53,2079,8770126,-35.07,3423,2474
20260919,128940,한미약품,505000.0,38.16,5.12,13235.00,98560.00,12.54,0.81,2.06,64696,12810991,-21.95,-29291,-31841
20260919,138080,오이솔루션,27600.0,-11.02,4.78,-2504.00,5774.00,2.33,6.19,0.00,3416,12377758,-52.33,-105440,-90875
20260919,158430,아톤,5620.0,89.21,1.33,63.00,4240.00,1.59,9.98,4.06,1376,24482092,-50.57,-389273,-451505
20260919,183300,코미코,30850.0,31.77,5.75,971.00,5361.00,26.82,2.79,1.42,15846,51363275,-83.90,50055,5810
20260919,192650,드림텍,7650.0,7650.00,1.36,1.00,5644.00,58.31,1.70,2.31,5040,65886829,-16.12,-342443,-333895
20260919,196170,알테오젠,254000.0,125.37,39.99,2026.00,6352.00,15.22,0.31,2.41,176924,69655133,-55.36,-18379,-32511
20260919,200470,에이팩트,7310.0,-6.11,5.61,-1197.00,1304.00,3.66,3.49,0.39,3204,43823556,-44.20,-218125,-218534
20260919,204270,제이앤티씨,23700.0,-14.97,5.47,-1583.00,4333.00,2.64,2.26,2.14,13710,57848466,-21.26,-71239,-74250
20260919,217590,티엠씨,14930.0,-678.64,3.21,-22.00,4647.00,4.70,15.41,2.95,3597,24094225,-61.42,178412,177685
20260919,218410,RFHIC,61300.0,56.65,4.58,1082.00,13376.00,21.35,6.93,3.53,16291,26575442,-51.69,9229,119346
20260919,222800,심텍,125900.0,-25.41,8.17,-4955.00,15419.00,10.98,1.16,1.63,47810,37974228,-23.33,-182015,-204175
20260919,224060,더코디,5490.0,1.17,0.24,4706.00,23122.00,0.00,13.69,0.00,283,5160722,-56.94,20852,0
20260919,226950,올릭스,112000.0,-144.70,16.62,-774.00,6738.00,9.22,0.85,0.45,25481,22750539,-48.39,10349,10721
20260919,240810,원익IPS,121500.0,70.97,6.09,1712.00,19936.00,15.38,1.44,1.23,59637,49083901,-35.30,68712,45475
20260919,251270,넷마블,34750.0,13.27,0.52,2618.00,66269.00,13.80,0.19,0.56,28898,83158425,-49.64,20906,35887
20260919,263860,지니언스,18150.0,21.97,2.52,826.00,7189.00,26.55,3.14,2.01,1648,9079600,-39.50,20489,20218
20260919,265740,엔에프씨,8250.0,0.00,0.00,0.00,0.00,5.28,16.54,1.99,1474,17863600,-16.24,434927,437136
20260919,267260,HD현대일렉트릭,727000.0,35.77,12.90,20324.00,56366.00,34.32,0.35,0.41,262063,36047135,-49.16,-16611,-2822
20260919,272210,한화시스템,79900.0,62.32,3.08,1282.00,25933.00,10.58,0.65,0.67,150947,188919389,-56.58,-77122,-188981
20260919,274090,켄코아에어로스페이스,12880.0,-10.89,1.05,-1183.00,12229.00,5.84,42.09,1.42,1774,13774207,-67.47,-189689,-197826
20260919,278470,에이피알,368000.0,47.77,30.90,7704.00,11910.00,38.11,0.81,0.94,137772,37438155,-22.53,-14486,62812
20260919,295310,에이치브이엠,60400.0,-77.14,10.87,-783.00,5555.00,3.65,1.49,1.85,7492,12404558,-58.06,-53257,-66617
20260919,298040,효성중공업,2888000.0,51.80,11.44,55755.00,252555.00,27.23,0.55,0.48,269293,9324548,-39.10,-2194,9476
20260919,298380,에이비엘바이오,56200.0,-81.10,20.02,-693.00,2807.00,14.17,0.77,1.41,31465,55987463,-78.17,148310,11650
20260919,316140,우리금융지주,36150.0,8.56,0.74,4221.00,49068.00,50.03,0.48,0.11,266348,736786557,-12.89,-123975,-152802
20260919,317850,대모,6260.0,27.58,1.08,227.00,5781.00,2.35,2.92,2.45,521,8324420,-42.62,16808,16785
20260919,319400,현대무벡스,22850.0,230.81,15.70,99.00,1455.00,5.39,3.45,1.22,25449,111376039,-54.66,1302711,60131
20260919,329180,HD현대중공업,462000.0,29.42,5.19,15702.00,89025.00,13.65,0.19,0.33,484921,104961225,-39.61,-48601,-59060
20260919,332570,PS일렉트로닉스,9170.0,26.13,3.45,351.00,2656.00,0.40,9.88,6.68,4213,45940603,-38.83,416881,183736
20260919,336260,두산퓨얼셀,50200.0,-30.93,11.18,-1623.00,4491.00,13.87,0.85,0.58,32878,65493726,-53.90,74157,86353
20260919,347700,스피어,24450.0,4890.00,16.48,5.00,1484.00,8.27,4.22,0.42,12604,51551362,-57.33,-158856,-165165
20260919,353200,대덕전자,103100.0,111.58,5.92,924.00,17419.00,18.32,1.40,1.55,50949,49416925,-47.93,47431,3579
20260919,356680,엑스게이트,17360.0,124.00,11.15,140.00,1557.00,0.44,18.43,2.05,4955,28543492,-43.18,-156599,-150015
20260919,373220,LG에너지솔루션,363500.0,-79.28,4.21,-4585.00,86391.00,5.54,0.10,0.13,850590,234000000,-31.02,6950,20023
20260919,386380,스카이랩스,19540.0,0.00,0.00,0.00,0.00,0.35,9.26,0.00,3666,18761977,-50.34,-10670,-7226
20260919,402340,SK스퀘어,1072000.0,16.13,5.12,66468.00,209564.00,46.61,0.40,0.24,1414225,131923998,-51.03,-36921,153036
20260919,403870,HPSP,53700.0,0.00,0.00,0.00,0.00,33.04,1.29,1.98,44195,82300000,-41.63,41286,75549
20260919,411080,샌즈랩,6310.0,-175.28,1.78,-36.00,3538.00,1.10,3.72,1.00,963,15267638,-39.09,-4001,-3685
20260919,413630,씨피시스템,4385.0,82.74,3.67,53.00,1194.00,0.25,11.86,1.90,1598,36436605,-29.16,-71269,-42077
20260919,417200,LS머트리얼즈,13730.0,2288.33,5.02,6.00,2736.00,7.81,3.94,2.02,9289,67652659,-58.04,-476699,-401753
20260919,437730,삼현,51000.0,155.49,12.24,328.00,4168.00,1.17,2.00,0.97,16171,31707567,-33.68,-34571,-40705
20260919,443670,에스피소프트,5470.0,35.29,1.97,155.00,2772.00,1.34,16.14,3.88,1313,24010564,-24.97,-32631,-29407
20260919,456010,아이씨티케이,22350.0,-44.79,7.07,-499.00,3161.00,2.84,14.71,1.05,3241,14502350,-44.06,120246,119125
20260919,456160,지투지바이오,31800.0,-2.25,-1.65,-14150.00,-19236.00,5.80,0.98,0.89,5288,16629426,-87.18,-9656,-19279
20260919,457370,한켐,11540.0,13.50,1.68,855.00,6868.00,0.84,35.86,6.46,931,8067134,-32.28,11970,11533
20260919,478340,나라스페이스테크놀로지,14100.0,-11.81,-3.08,-1194.00,-4583.00,2.51,38.59,0.55,1631,11570133,-78.17,-219473,-199018
20260921,000150,두산,1432000.0,403.84,16.38,3546.00,87399.00,18.64,0.49,0.50,231896,16193835,-42.47,-23427,0
20260921,000270,기아,120000.0,6.28,0.76,19111.00,157456.00,39.21,0.20,0.16,468496,390412998,-43.53,80288,0
20260921,000500,가온전선,318500.0,178.23,19.60,1787.00,16247.00,3.62,1.06,0.55,94842,29777607,-49.84,-29291,0
20260921,000660,SK하이닉스,1868000.0,31.69,10.88,58955.00,171751.00,50.23,0.35,0.40,13645597,730492365,-37.46,-120815,0
20260921,000990,DB하이텍,131900.0,22.81,2.51,5783.00,52634.00,23.52,1.46,1.55,57383,43504588,-42.78,48100,0
20260921,001440,대한전선,29700.0,65.71,3.44,452.00,8622.00,11.92,1.79,1.56,58210,195992596,-60.87,-1283979,0
20260921,0015N0,아로마티카,12350.0,28.46,6.77,434.00,1825.00,2.98,5.17,1.81,1553,12576922,-60.79,-8990,0
20260921,001820,삼화콘덴서,146000.0,121.06,5.47,1206.00,26701.00,6.04,11.11,2.65,15177,10395000,-25.81,-33458,0
20260921,003160,디아이,35400.0,196.67,5.63,180.00,6287.00,14.43,6.57,3.17,10018,28300000,-15.11,445936,0
20260921,003350,한국화장품제조,15260.0,0.00,0.00,0.00,0.00,1.59,3.32,3.05,3458,22660000,-74.94,-27296,0
20260921,003490,대한항공,28850.0,13.67,0.97,2111.00,29659.00,51.51,0.30,0.56,106232,368220609,-7.53,-325660,-132602
20260921,004020,현대제철,35100.0,-675.00,0.24,-52.00,147255.00,14.42,0.46,1.16,46839,133445785,-30.36,-327546,0
20260921,004310,현대약품,9270.0,0.00,0.00,0.00,0.00,0.59,8.13,3.05,2966,32000000,-41.92,175553,0
20260921,004710,한솔테크닉스,9770.0,-25.71,1.15,-380.00,8521.00,4.93,0.91,2.42,5190,53119817,-40.54,-152117,0
20260921,005380,현대차,359000.0,10.16,0.82,35331.00,439541.00,24.36,0.22,0.83,735080,204757766,-54.15,-170456,0
20260921,005930,삼성전자,274000.0,41.74,4.28,6564.00,63997.00,46.46,0.37,0.38,16018803,5846278608,-26.84,1768406,0
20260921,005935,삼성전자우,208000.0,0.00,0.00,0.00,0.00,75.44,0.50,0.36,1668932,802371203,-14.58,0,0
20260921,006340,대원전선,13540.0,119.82,8.87,113.00,1527.00,3.68,2.70,5.32,10617,78414416,-33.30,-274364,0
20260921,006360,GS건설,36600.0,33.49,0.65,1093.00,56462.00,19.91,1.43,1.83,31323,85581490,-18.39,-220206,0
20260921,006400,삼성SDI,533000.0,-64.02,1.96,-8325.00,272485.00,25.57,0.35,1.10,429521,80585530,-26.28,-79501,0
20260921,007610,선도전기,4720.0,16.05,2.24,294.00,2105.00,3.83,18.36,0.03,850,18000000,-71.55,-54065,0
20260921,007660,이수페타시스,110300.0,48.87,10.72,2257.00,10292.00,15.26,1.66,1.32,80970,73409219,-32.91,297461,0
20260921,009150,삼성전기,1429000.0,157.05,11.31,9099.00,126302.00,37.71,0.75,0.96,1067373,74693696,-40.88,-426,0
20260921,009540,HD한국조선해양,339000.0,11.06,1.80,30639.00,187883.00,33.24,0.19,0.28,239921,70773116,-31.45,-1692,0
20260921,009830,한화솔루션,27600.0,-8.17,0.58,-3377.00,47898.00,13.15,0.71,1.62,62070,224892536,-53.46,-205693,0
20260921,010120,LS ELECTRIC,209000.0,109.37,15.01,1911.00,13920.00,18.84,0.17,0.90,313500,150000000,-76.96,12974,0
20260921,010140,삼성중공업,20600.0,33.23,4.24,620.00,4857.00,28.42,0.24,1.30,181280,880000000,-41.73,-468226,0
20260921,010170,대한광통신,17720.0,-73.22,36.09,-242.00,491.00,7.90,8.29,0.00,27552,155485660,-43.75,-2541826,0
20260921,011070,LG이노텍,519000.0,35.99,2.13,14419.00,243532.00,27.10,0.62,1.73,122832,23667107,-70.97,-21155,0
20260921,011200,HMM,21100.0,10.79,0.75,1955.00,28168.00,8.73,0.05,0.34,199023,943237970,-15.43,-8244,0
20260921,012330,현대모비스,373000.0,9.40,0.68,39682.00,551325.00,37.88,0.23,0.66,335031,89820585,-54.62,-26155,0
20260921,012450,한화에어로스페이스,1067000.0,37.34,5.67,28573.00,188244.00,45.50,0.22,0.20,550181,51563401,-35.53,-33374,0
20260921,0155E0,해치텍,13470.0,-6.94,7.53,-1940.00,1788.00,0.84,82.46,0.00,739,5487150,-37.06,6774,0
20260921,0161M0,네오사피엔스,34300.0,0.00,0.00,0.00,0.00,0.66,277.91,0.00,4190,12215845,-1.29,0,80622
20260921,017670,SK텔레콤,87000.0,45.77,1.44,1901.00,60395.00,69.54,0.35,0.87,186867,214790053,-37.63,1614,-1001232
20260921,017900,광전자,11060.0,151.51,2.31,73.00,4784.00,18.29,31.80,0.90,6409,57943763,-50.73,-296916,0
20260921,0220W0,한화머시너리앤서비스홀딩스,6400.0,0.00,0.00,0.00,0.00,14.51,1.35,1.45,5409,84515535,-50.77,24894,0
20260921,024060,흥구석유,12850.0,313.41,2.42,41.00,5307.00,2.35,7.15,4.05,1928,15000000,-64.50,-23221,0
20260921,024840,KBI메탈,6310.0,-6310.00,1.81,-1.00,3484.00,4.93,7.52,2.54,2743,43466367,-46.34,-24237,0
20260921,028050,삼성E&A,52000.0,16.51,2.15,3150.00,24187.00,38.53,0.78,1.09,101920,196000000,-22.73,-144307,0
20260921,028260,삼성물산,367500.0,25.94,1.20,14165.00,305019.00,30.67,0.19,0.16,595966,162167581,-34.96,6074,0
20260921,028300,HLB,31950.0,-19.05,10.11,-1677.00,3159.00,16.67,1.08,0.07,42557,133198223,-53.83,-99923,0
20260921,028670,팬오션,5790.0,10.27,0.54,564.00,10707.00,17.18,0.19,0.66,30952,534569512,-12.27,87772,0
20260921,030000,제일기획,17430.0,9.66,1.12,1804.00,15525.00,17.54,0.22,0.22,20052,115041225,-25.19,-116743,0
20260921,030530,원익홀딩스,26900.0,75.77,2.06,355.00,13088.00,5.11,3.56,1.47,20777,77237981,-46.84,-118106,0
20260921,031980,피에스케이홀딩스,170000.0,39.98,7.24,4252.00,23484.00,6.49,0.65,0.30,36656,21562395,-2.30,25987,0
20260921,032640,LG유플러스,14490.0,12.00,0.70,1208.00,20826.00,83.70,0.31,0.08,61500,424427732,-22.93,266342,635299
20260921,032820,우리기술,13400.0,2680.00,17.75,5.00,755.00,5.50,3.22,0.53,23153,172784612,-55.63,-868227,0
20260921,032830,삼성생명,291000.0,25.27,0.83,11514.00,349293.00,23.13,0.16,0.07,582000,200000000,-43.66,-20160,0
20260921,032940,원익,9450.0,14.95,0.61,632.00,15605.00,0.95,2.40,2.56,1719,18193181,-46.91,-5962,0
20260921,034020,두산에너빌리티,85300.0,646.21,7.02,132.00,12156.00,23.12,0.25,1.35,546399,640561146,-38.72,-493787,0
20260921,034220,LG디스플레이,8520.0,18.81,0.65,453.00,13208.00,26.57,0.50,0.97,42600,500000000,-52.53,69202,0
20260921,034730,SK,575000.0,26.30,1.26,21863.00,457231.00,30.27,0.13,0.18,416891,72502703,-34.88,2523,0
20260921,035420,NAVER,197900.0,15.99,1.07,12376.00,184396.00,35.65,0.39,1.94,300995,152094369,-34.90,46984,0
20260921,035720,카카오,33200.0,29.91,1.30,1110.00,25625.00,28.83,0.24,1.13,147076,442999903,-52.37,-245329,0
20260921,036220,오상헬스케어,6600.0,30.84,0.32,214.00,20439.00,1.07,0.34,1.09,944,14309416,-59.93,50,0
20260921,036540,SFA반도체,10550.0,-90.95,3.66,-116.00,2884.00,8.60,16.14,0.86,17351,164460303,-9.36,2073722,0
20260921,039030,이오테크닉스,484000.0,104.22,8.67,4644.00,55838.00,24.94,0.64,1.00,59627,12319550,-22.31,14792,0
20260921,041190,우리기술투자,5860.0,4.45,0.59,1316.00,9971.00,0.19,13.36,4.23,4676,79800000,-55.40,-603883,0
20260921,042370,비츠로테크,10910.0,43.12,1.10,253.00,9877.00,5.88,6.88,1.89,2858,26200025,-54.16,-290162,0
20260921,042510,라온시큐어,11230.0,37.19,2.26,302.00,4975.00,0.87,4.65,4.53,1247,11105828,-33.79,32443,0
20260921,042700,한미반도체,236500.0,105.91,32.50,2233.00,7278.00,7.29,0.34,1.40,225413,95312200,-44.48,7065,0
20260921,043260,성호전자,26850.0,20.02,7.59,1341.00,3536.00,2.11,6.66,0.33,20259,75451848,-54.95,-200841,0
20260921,046970,우리로,7820.0,-434.44,8.66,-18.00,903.00,3.44,7.00,0.00,3427,43824999,-51.73,-474845,0
20260921,047040,대우건설,18290.0,-8.33,2.24,-2195.00,8148.00,10.74,1.16,1.03,75155,410907638,-54.67,-1360422,0
20260921,049080,기가레인,10060.0,-8.05,2.07,-1249.00,4871.00,0.00,6.09,0.00,854,8488334,-32.71,-13750,0
20260921,050890,쏠리드,9290.0,15.56,1.58,597.00,5886.00,14.80,2.97,4.08,5644,60756534,-55.55,-569222,0
20260921,051160,지어소프트,11900.0,14.58,1.11,816.00,10737.00,20.59,2.18,0.70,1841,15474430,-7.75,91265,0
20260921,052690,한전기술,129600.0,58.01,7.89,2234.00,16428.00,11.42,0.92,2.05,49533,38220000,-34.55,-26491,0
20260921,052710,아모텍,16900.0,37.64,1.91,449.00,8855.00,6.21,5.34,0.76,3157,18680800,-53.38,13740,0
20260921,053300,한국정보인증,5100.0,8.27,1.00,617.00,5107.00,1.22,0.52,1.97,2018,39565146,-34.19,5104,0
20260921,054920,한컴위드,4970.0,17.88,0.86,278.00,5802.00,1.08,13.08,3.07,1402,28217081,-44.65,-82264,0
20260921,055550,신한지주,113100.0,11.21,0.93,10085.00,121468.00,61.77,0.21,0.01,530948,469450239,-2.92,-117467,0
20260921,058610,에스피지,99800.0,242.23,8.58,412.00,11633.00,4.95,0.96,4.08,22133,22177360,-39.77,22629,0
20260921,066570,LG전자,202500.0,38.06,1.53,5321.00,132659.00,29.58,0.30,0.86,329841,162884638,-53.77,95565,0
20260921,067310,하나마이크론,44800.0,77.91,7.46,575.00,6007.00,18.23,9.26,3.49,29788,66490869,-23.42,854485,0
20260921,072950,빛샘전자,13690.0,14.59,1.32,938.00,10357.00,1.47,18.69,1.69,1102,8052610,-46.73,-59831,0
20260921,078350,한양디지텍,28200.0,28.72,2.42,982.00,11658.00,5.63,7.88,4.15,4299,15244382,-36.34,-107679,0
20260921,079550,LIG디펜스앤에어로스페이스,725000.0,62.96,11.07,11516.00,65465.00,27.50,0.58,0.82,159500,22000000,-35.15,-46904,0
20260921,080220,제주반도체,75200.0,65.56,11.15,1147.00,6742.00,0.31,2.38,4.26,25901,34442833,-45.51,-23858,0
20260921,082740,한화엔진,49900.0,23.97,7.49,2082.00,6666.00,14.43,0.48,1.16,41640,83447142,-47.14,-137478,0
20260921,086520,에코프로,79900.0,-72.44,5.47,-1103.00,14608.00,18.88,0.39,2.24,108485,135776152,-57.95,-57394,0
20260921,086790,하나금융지주,135700.0,9.62,0.82,14110.00,164776.00,68.81,0.15,0.03,367706,270969910,-4.77,25743,0
20260921,088350,한화생명,5780.0,7.83,0.31,738.00,18466.00,8.81,0.26,0.59,50201,868530000,-23.54,-60800,0
20260921,089970,브이엠,54600.0,53.63,8.00,1018.00,6824.00,14.50,1.44,2.50,14374,26326765,-55.28,-88868,0
20260921,093370,후성,13900.0,278.00,4.46,50.00,3118.00,9.88,2.90,1.53,14908,107255330,-40.98,-21390,0
20260921,096770,SK이노베이션,140700.0,-6.68,1.08,-21056.00,129848.00,15.77,0.33,0.48,237857,169052788,-14.57,-77113,0
20260921,098460,고영,28500.0,132.56,5.61,215.00,5079.00,29.01,1.33,3.57,19438,68204213,-36.67,19509,0
20260921,101730,위메이드맥스,5030.0,-11.81,0.90,-426.00,5563.00,9.15,1.36,0.93,4215,83803286,-38.36,13689,0
20260921,105560,KB금융,177500.0,11.74,1.08,15116.00,164669.00,78.95,0.19,0.02,629571,354687734,-8.74,-47683,0
20260921,108490,로보티즈,306000.0,811.67,14.10,377.00,21707.00,6.98,1.05,1.80,44881,14667028,-34.05,13742,0
20260921,115440,우리넷,9900.0,29.12,1.07,340.00,9217.00,2.83,7.76,2.35,1069,10794292,-53.63,-98264,0
20260921,117670,알파칩스,11600.0,-5.45,1.70,-2127.00,6843.00,0.82,3.57,0.00,773,6661742,-45.54,-15756,0
20260921,119850,지엔씨에너지,52300.0,21.54,3.86,2428.00,13535.00,8.45,2.25,4.41,8603,16448909,-9.83,-71370,0
20260921,125490,한라캐스트,12600.0,107.69,4.36,117.00,2892.00,1.77,12.47,4.26,4599,36502352,-50.30,-55537,0
20260921,126340,비나텍,83500.0,-94.03,7.05,-888.00,11841.00,8.78,2.49,1.18,5996,7180414,-59.17,-36299,0
20260921,126730,코칩,23400.0,69.85,3.34,335.00,7001.00,0.39,3.99,3.42,2052,8770126,-35.89,-10503,0
20260921,128940,한미약품,505000.0,38.16,5.12,13235.00,98560.00,12.54,0.30,2.06,64696,12810991,-21.95,-6165,0
20260921,131970,두산테스나,95000.0,49.92,4.18,1903.00,22749.00,10.72,3.94,2.00,18361,19327238,-51.75,-30839,0
20260921,138080,오이솔루션,27250.0,-10.88,4.72,-2504.00,5774.00,2.33,3.85,0.00,3373,12377758,-52.94,-27258,0
20260921,158430,아톤,5560.0,88.25,1.31,63.00,4240.00,1.59,8.54,4.86,1361,24482092,-51.10,-154473,0
20260921,183300,코미코,31750.0,32.70,5.92,971.00,5361.00,26.82,0.85,1.36,16308,51363275,-83.43,-102659,0
20260921,192650,드림텍,8200.0,8200.00,1.45,1.00,5644.00,58.31,3.95,2.43,5403,65886829,-10.09,98878,0
20260921,196170,알테오젠,255000.0,125.86,40.14,2026.00,6352.00,15.22,0.25,2.42,177621,69655133,-55.18,-10731,0
20260921,200470,에이팩트,8050.0,-6.73,6.17,-1197.00,1304.00,3.66,4.21,0.39,3528,43823556,-38.55,62195,0
20260921,204270,제이앤티씨,25200.0,-15.92,5.82,-1583.00,4333.00,2.64,4.73,2.18,14578,57848466,-16.28,169105,0
20260921,217590,티엠씨,14430.0,-655.91,3.11,-22.00,4647.00,4.70,10.43,3.63,3477,24094225,-62.71,-159117,0
20260921,218410,RFHIC,59700.0,55.18,4.46,1082.00,13376.00,21.35,4.09,3.55,15866,26575442,-52.96,-388619,0
20260921,222800,심텍,130700.0,-26.38,8.48,-4955.00,15419.00,10.83,1.01,1.58,50299,38484526,-20.40,122697,0
20260921,224060,더코디,5230.0,1.11,0.23,4706.00,23122.00,0.00,25.79,0.00,270,5160722,-58.98,-9493,0
20260921,226950,올릭스,106100.0,-137.08,15.75,-774.00,6738.00,9.22,1.22,0.47,24138,22750539,-51.11,-22913,0
20260921,232140,와이씨,14250.0,60.64,3.17,235.00,4490.00,5.34,12.43,2.69,11691,82045350,-40.99,796625,0
20260921,234340,헥토파이낸셜,21100.0,31.78,1.67,664.00,12613.00,2.97,6.52,5.89,2948,13970656,-53.11,6435,0
20260921,240550,동방메디컬,6380.0,11.15,1.08,572.00,5905.00,1.19,33.30,1.94,1336,20933940,-44.23,-146760,0
20260921,240810,원익IPS,129000.0,75.35,6.47,1712.00,19936.00,15.38,2.91,1.17,63318,49083901,-31.31,41443,0
20260921,251270,넷마블,34550.0,13.20,0.52,2618.00,66269.00,13.80,0.15,0.57,28731,83158425,-49.93,582,0
20260921,263860,지니언스,17000.0,20.58,2.36,826.00,7189.00,26.55,2.46,1.83,1544,9079600,-43.33,-42710,0
20260921,265740,엔에프씨,7890.0,0.00,0.00,0.00,0.00,5.28,9.72,2.07,1409,17863600,-19.90,-185645,0
20260921,267260,HD현대일렉트릭,714000.0,35.13,12.67,20324.00,56366.00,34.32,0.15,0.41,257377,36047135,-50.07,-13508,0
20260921,272210,한화시스템,76500.0,59.67,2.95,1282.00,25933.00,10.58,0.85,0.67,144523,188919389,-58.42,-387409,0
20260921,274090,켄코아에어로스페이스,12260.0,-10.36,1.00,-1183.00,12229.00,5.84,6.41,1.41,1689,13774207,-69.04,-66205,0
20260921,278470,에이피알,366000.0,47.51,30.73,7704.00,11910.00,38.11,0.35,0.96,137024,37438155,-22.95,-21781,0
20260921,295310,에이치브이엠,59600.0,-76.12,10.73,-783.00,5555.00,3.65,0.85,1.86,7393,12404558,-58.61,-25457,0
20260921,298040,효성중공업,2917000.0,52.32,11.55,55755.00,252555.00,27.23,0.29,0.47,271997,9324548,-38.49,2565,0
20260921,298380,에이비엘바이오,53900.0,-77.78,19.20,-693.00,2807.00,14.17,0.96,1.37,30177,55987463,-79.07,186298,0
20260921,316140,우리금융지주,36450.0,8.64,0.74,4221.00,49068.00,50.03,0.15,0.11,268559,736786557,-12.17,-34415,0
20260921,317850,대모,6160.0,27.14,1.07,227.00,5781.00,2.35,1.31,2.41,513,8324420,-43.54,3849,0
20260921,319400,현대무벡스,21500.0,217.17,14.78,99.00,1455.00,5.39,1.19,1.21,23946,111376039,-57.34,-536240,0
20260921,319660,피에스케이,136900.0,50.48,7.36,2712.00,18606.00,21.94,1.36,0.98,39655,28966714,-37.63,51644,0
20260921,329180,HD현대중공업,450500.0,28.69,5.06,15702.00,89025.00,13.65,0.20,0.34,472850,104961225,-41.11,8524,0
20260921,332570,PS일렉트로닉스,9300.0,26.50,3.50,351.00,2656.00,0.40,9.33,7.04,4272,45940603,-37.96,47035,0
20260921,336260,두산퓨얼셀,48150.0,-29.67,10.72,-1623.00,4491.00,13.87,1.26,0.57,31535,65493726,-55.79,61919,0
20260921,347700,스피어,23300.0,4660.00,15.70,5.00,1484.00,8.27,1.76,0.45,12011,51551362,-59.34,-156241,0
20260921,353200,대덕전자,101900.0,110.28,5.85,924.00,17419.00,18.32,0.85,1.52,50356,49416925,-48.54,-63614,0
20260921,356680,엑스게이트,17840.0,127.43,11.46,140.00,1557.00,0.44,14.99,2.55,5092,28543492,-41.60,51983,0
20260921,373220,LG에너지솔루션,352000.0,-76.77,4.07,-4585.00,86391.00,5.54,0.13,0.13,823680,234000000,-33.21,-26647,0
20260921,386380,스카이랩스,25250.0,0.00,0.00,0.00,0.00,0.35,47.35,0.00,4737,18761977,-35.83,273981,0
20260921,402340,SK스퀘어,1127000.0,16.96,5.38,66468.00,209564.00,46.61,0.37,0.24,1486783,131923998,-48.52,-946,0
20260921,403870,HPSP,54700.0,0.00,0.00,0.00,0.00,33.04,1.55,1.97,45018,82300000,-40.54,-5780,0
20260921,411080,샌즈랩,6190.0,-171.94,1.75,-36.00,3538.00,1.10,2.63,0.95,945,15267638,-39.84,34110,0
20260921,413630,씨피시스템,4380.0,82.64,3.67,53.00,1194.00,0.25,4.52,1.54,1596,36436605,-29.24,18187,0
20260921,417200,LS머트리얼즈,13750.0,2291.67,5.03,6.00,2736.00,7.81,1.39,2.41,9302,67652659,-57.98,-188027,0
20260921,425040,티이엠씨,12820.0,17.14,1.36,748.00,9438.00,5.35,35.27,2.94,2811,21922898,-57.69,-546905,0
20260921,437730,삼현,55700.0,169.82,13.36,328.00,4168.00,1.17,10.02,1.30,17661,31707567,-27.57,98647,0
20260921,443670,에스피소프트,5140.0,33.16,1.85,155.00,2772.00,1.34,4.61,3.79,1234,24010564,-29.49,43290,0
20260921,456010,아이씨티케이,21200.0,-42.48,6.71,-499.00,3161.00,2.84,6.42,1.13,3074,14502350,-46.93,-239225,0
20260921,456160,지투지바이오,32100.0,-2.27,-1.67,-14150.00,-19236.00,5.80,0.37,0.96,5338,16629426,-87.06,2420,0
20260921,457370,한켐,11260.0,13.17,1.64,855.00,6868.00,0.84,24.23,5.44,908,8067134,-33.92,-26181,0
20260921,475830,오름테라퓨틱,27300.0,-13.54,4.43,-2016.00,6165.00,7.09,20.69,0.79,5939,21752916,-81.38,-20995,0
20260921,478340,나라스페이스테크놀로지,13870.0,-11.62,-3.03,-1194.00,-4583.00,2.50,12.41,0.53,1610,11610415,-78.53,34365,0
20260922,000150,두산,1472000.0,415.12,16.84,3546.00,87399.00,18.52,0.04,0.65,238373,16193835,-40.86,-1011,0
20260922,000270,기아,120800.0,6.32,0.77,19111.00,157456.00,39.19,0.01,0.16,471619,390412998,-43.15,24912,0
20260922,000500,가온전선,331000.0,185.23,20.37,1787.00,16247.00,3.22,0.30,0.51,98564,29777607,-47.87,-4000,0
20260922,000660,SK하이닉스,1934500.0,32.81,11.26,58955.00,171751.00,50.17,0.05,0.40,14131375,730492365,-35.24,86818,11560
20260922,000720,현대건설,128900.0,38.83,1.75,3320.00,73523.00,25.20,0.08,1.06,143538,111355765,-35.03,-22274,0
20260922,000990,DB하이텍,132800.0,22.96,2.52,5783.00,52634.00,23.49,0.18,1.66,57774,43504588,-42.39,-14458,0
20260922,001440,대한전선,31900.0,70.58,3.70,452.00,8622.00,11.30,0.62,1.59,62522,195992596,-57.97,181541,0
20260922,0015N0,아로마티카,12100.0,27.88,6.63,434.00,1825.00,2.98,0.29,1.75,1522,12576922,-61.59,4115,0
20260922,001820,삼화콘덴서,151700.0,125.79,5.68,1206.00,26701.00,5.82,3.74,2.77,15769,10395000,-22.92,51427,0
20260922,003160,디아이,35050.0,194.72,5.57,180.00,6287.00,16.72,0.38,3.23,9919,28300000,-15.95,10225,0
20260922,003350,한국화장품제조,15960.0,0.00,0.00,0.00,0.00,1.47,0.96,3.00,3617,22660000,-73.79,56188,0
20260922,003490,대한항공,29350.0,13.90,0.99,2111.00,29659.00,51.50,0.06,0.55,108073,368220609,-5.93,-18018,-10791
20260922,004020,현대제철,35500.0,-682.69,0.24,-52.00,147255.00,14.16,0.01,1.19,47373,133445785,-29.56,-3128,0
20260922,004310,현대약품,9125.0,0.00,0.00,0.00,0.00,1.20,1.09,3.30,2920,32000000,-42.83,34233,0
20260922,004710,한솔테크닉스,9980.0,-26.26,1.17,-380.00,8521.00,4.63,0.15,2.78,5301,53119817,-39.26,-10463,0
20260922,005380,현대차,365500.0,10.35,0.83,35331.00,439541.00,24.43,0.02,0.83,743670,203466492,-53.32,1419,0
20260922,005930,삼성전자,281250.0,42.85,4.39,6564.00,63997.00,46.56,0.03,0.38,16442659,5846278608,-24.90,129787,0
20260922,005935,삼성전자우,212000.0,0.00,0.00,0.00,0.00,75.50,0.10,0.37,1701027,802371203,-12.94,0,0
20260922,006340,대원전선,14190.0,125.58,9.29,113.00,1527.00,3.34,1.31,5.35,11127,78414416,-30.10,114248,0
20260922,006360,GS건설,37400.0,34.22,0.66,1093.00,56462.00,19.70,0.27,1.86,32007,85581490,-16.61,25351,0
20260922,006400,삼성SDI,537000.0,-64.50,1.97,-8325.00,272485.00,25.48,0.02,1.12,432744,80585530,-25.73,3290,0
20260922,006800,미래에셋증권,34100.0,15.83,1.50,2154.00,22705.00,11.66,0.07,0.83,185170,543021051,-61.16,151403,0
20260922,007610,선도전기,4785.0,16.28,2.27,294.00,2105.00,3.57,1.56,0.03,861,18000000,-71.16,26023,0
20260922,007660,이수페타시스,118700.0,52.59,11.53,2257.00,10292.00,16.03,0.38,1.41,87137,73409219,-27.80,3950,0
20260922,007810,코리아써키트,64400.0,37.31,4.01,1726.00,16070.00,6.87,2.16,2.46,15445,23982620,-56.57,-48927,0
20260922,009150,삼성전기,1536000.0,168.81,12.16,9099.00,126302.00,37.70,0.19,0.99,1147295,74693696,-36.45,58478,0
20260922,009540,HD한국조선해양,343500.0,11.21,1.83,30639.00,187883.00,33.24,0.01,0.26,243106,70773116,-30.54,2591,0
20260922,009830,한화솔루션,27700.0,-8.20,0.58,-3377.00,47898.00,13.21,0.06,1.65,62295,224892536,-53.29,-5524,0
20260922,010120,LS ELECTRIC,216500.0,113.29,15.55,1911.00,13920.00,18.87,0.04,0.90,324750,150000000,-76.13,16471,0
20260922,010140,삼성중공업,20700.0,33.39,4.26,620.00,4857.00,28.34,0.02,1.24,182160,880000000,-41.44,-79857,0
20260922,010170,대한광통신,17880.0,-73.88,36.42,-242.00,491.00,6.22,1.98,0.00,27801,155485660,-43.24,-627591,0
20260922,010950,S-Oil,153700.0,101.25,2.01,1518.00,76339.00,79.42,0.05,0.20,173040,112582792,-13.21,21862,0
20260922,011070,LG이노텍,556000.0,38.56,2.28,14419.00,243532.00,26.93,0.21,1.73,131589,23667107,-68.90,2223,0
20260922,011200,HMM,21200.0,10.84,0.75,1955.00,28168.00,8.73,0.00,0.32,199966,943237970,-15.03,4624,0
20260922,012210,삼미금속,13540.0,0.00,0.00,0.00,0.00,0.62,93.86,0.85,3121,23051579,-35.06,-3698,0
20260922,012330,현대모비스,377500.0,9.51,0.68,39682.00,551325.00,37.84,0.02,0.66,339073,89820585,-54.08,-782,0
20260922,012450,한화에어로스페이스,1062000.0,37.17,5.64,28573.00,188244.00,45.43,0.01,0.19,547603,51563401,-35.83,-1326,0
20260922,0155E0,해치텍,13650.0,-7.04,7.63,-1940.00,1788.00,1.02,2.80,0.00,749,5487150,-36.21,38444,0
20260922,0161M0,네오사피엔스,37950.0,-48.53,-9.62,-782.00,-3943.00,0.00,26.69,0.00,4636,12215845,-6.30,33208,0
20260922,017670,SK텔레콤,88700.0,46.66,1.47,1901.00,60395.00,70.59,0.07,0.88,190519,214790053,-36.42,67521,190839
20260922,017900,광전자,10180.0,139.45,2.13,73.00,4784.00,17.89,1.97,0.79,5899,57943763,-54.65,50182,0
20260922,0220W0,한화머시너리앤서비스홀딩스,6380.0,0.00,0.00,0.00,0.00,14.49,0.11,1.47,5392,84515535,-50.92,-21106,0
20260922,024060,흥구석유,12330.0,300.73,2.32,41.00,5307.00,2.15,1.57,3.89,1850,15000000,-65.94,92385,0
20260922,024840,KBI메탈,6580.0,-6580.00,1.89,-1.00,3484.00,4.86,2.66,2.48,2860,43466367,-44.05,233028,0
20260922,028050,삼성E&A,52600.0,16.70,2.17,3150.00,24187.00,38.44,0.14,1.13,103096,196000000,-21.84,-15873,0
20260922,028260,삼성물산,376000.0,26.54,1.23,14165.00,305019.00,30.70,0.02,0.16,609750,162167581,-33.45,-5721,0
20260922,028300,HLB,31400.0,-18.72,9.94,-1677.00,3159.00,16.42,0.08,0.06,41824,133198223,-54.62,-5111,0
20260922,028670,팬오션,5755.0,10.20,0.54,564.00,10707.00,17.27,0.03,0.65,30764,534569512,-12.80,-22664,0
20260922,030000,제일기획,17490.0,9.70,1.13,1804.00,15525.00,17.46,0.01,0.22,20121,115041225,-24.94,-5540,0
20260922,030530,원익홀딩스,26450.0,74.51,2.02,355.00,13088.00,4.95,0.40,1.51,20429,77237981,-47.73,-70467,0
20260922,031980,피에스케이홀딩스,170100.0,40.00,7.24,4252.00,23484.00,6.60,0.07,0.28,36678,21562395,-2.24,-4516,0
20260922,032640,LG유플러스,14530.0,12.03,0.70,1208.00,20826.00,83.64,0.01,0.09,61669,424427732,-22.71,5288,124615
20260922,032820,우리기술,13480.0,2696.00,17.85,5.00,755.00,5.02,0.35,0.54,23291,172784612,-55.36,-157636,0
20260922,032830,삼성생명,296500.0,25.75,0.85,11514.00,349293.00,23.13,0.01,0.07,593000,200000000,-42.59,-953,0
20260922,032940,원익,9460.0,14.97,0.61,632.00,15605.00,0.84,0.20,2.65,1721,18193181,-46.85,2797,0
20260922,034020,두산에너빌리티,85800.0,650.00,7.06,132.00,12156.00,23.05,0.05,1.35,549601,640561146,-38.36,-93351,0
20260922,034220,LG디스플레이,8580.0,18.94,0.65,453.00,13208.00,26.58,0.07,0.97,42900,500000000,-52.20,-85068,0
20260922,034730,SK,590000.0,26.99,1.29,21863.00,457231.00,30.29,0.01,0.18,427766,72502703,-33.18,1020,0
20260922,035420,NAVER,202500.0,16.36,1.10,12376.00,184396.00,35.72,0.05,1.96,307991,152094369,-33.39,30415,0
20260922,035720,카카오,34050.0,30.68,1.33,1110.00,25625.00,28.76,0.06,1.11,150841,442999903,-51.15,113924,0
20260922,036220,오상헬스케어,6550.0,30.61,0.32,214.00,20439.00,1.13,0.02,1.12,937,14309416,-60.23,1250,0
20260922,036540,SFA반도체,10670.0,-91.98,3.70,-116.00,2884.00,9.61,1.29,0.89,17548,164460303,-8.33,-114884,0
20260922,039030,이오테크닉스,485500.0,104.54,8.69,4644.00,55838.00,25.06,0.07,1.05,59811,12319550,-22.07,-1706,0
20260922,041190,우리기술투자,6320.0,4.80,0.63,1316.00,9971.00,0.00,4.74,4.15,5043,79800000,-51.90,416000,0
20260922,042370,비츠로테크,10990.0,43.44,1.11,253.00,9877.00,5.09,0.52,2.03,2879,26200025,-53.82,-31086,0
20260922,042510,라온시큐어,11080.0,36.69,2.23,302.00,4975.00,1.15,0.40,4.70,1231,11105828,-34.67,3500,0
20260922,042700,한미반도체,244000.0,109.27,33.53,2233.00,7278.00,7.27,0.07,1.40,232562,95312200,-42.72,-18258,0
20260922,043260,성호전자,26900.0,20.06,7.61,1341.00,3536.00,1.94,2.55,0.40,20297,75451848,-54.87,248517,0
20260922,046970,우리로,7760.0,-431.11,8.59,-18.00,903.00,2.32,1.23,0.00,3401,43824999,-52.10,-87204,0
20260922,047040,대우건설,19000.0,-8.66,2.33,-2195.00,8148.00,10.47,0.47,1.06,78072,410907638,-52.91,372672,0
20260922,049080,기가레인,9920.0,-7.94,2.04,-1249.00,4871.00,0.00,0.88,0.00,842,8488334,-33.65,18529,0
20260922,050890,쏠리드,9430.0,15.80,1.60,597.00,5886.00,14.14,0.38,4.14,5729,60756534,-54.88,29206,0
20260922,051160,지어소프트,12200.0,14.95,1.14,816.00,10737.00,21.18,0.14,1.24,1888,15474430,-5.43,-1990,0
20260922,052690,한전기술,129900.0,58.15,7.91,2234.00,16428.00,11.44,0.09,2.08,49648,38220000,-34.39,-1196,0
20260922,052710,아모텍,18420.0,41.02,2.08,449.00,8855.00,6.94,2.46,0.85,3441,18680800,-49.19,-299,0
20260922,053300,한국정보인증,5100.0,8.27,1.00,617.00,5107.00,1.23,0.05,1.95,2018,39565146,-34.19,3753,0
20260922,054920,한컴위드,4880.0,17.55,0.84,278.00,5802.00,0.85,0.53,3.33,1377,28217081,-45.66,-7377,0
20260922,055550,신한지주,112900.0,11.19,0.93,10085.00,121468.00,61.76,0.01,0.01,530009,469450239,-3.09,1138,0
20260922,058470,리노공업,71700.0,0.00,0.00,0.00,0.00,29.48,0.16,1.60,54644,76211850,-44.42,-39827,0
20260922,058610,에스피지,99600.0,241.75,8.56,412.00,11633.00,5.16,0.15,4.17,22089,22177360,-39.89,-7144,0
20260922,066570,LG전자,212000.0,39.84,1.60,5321.00,132659.00,29.66,0.11,0.88,345315,162884638,-51.60,11488,0
20260922,067310,하나마이크론,44650.0,77.65,7.43,575.00,6007.00,19.50,0.95,3.25,29688,66490869,-23.68,-116466,0
20260922,072950,빛샘전자,13410.0,14.30,1.29,938.00,10357.00,0.44,2.24,2.75,1080,8052610,-47.82,-5659,0
20260922,078350,한양디지텍,27600.0,28.11,2.37,982.00,11658.00,4.88,0.71,5.21,4207,15244382,-37.70,47273,0
20260922,079550,LIG디펜스앤에어로스페이스,711000.0,61.74,10.86,11516.00,65465.00,27.18,0.03,0.78,156420,22000000,-36.40,-999,0
20260922,080220,제주반도체,78900.0,68.79,11.70,1147.00,6742.00,0.27,0.88,4.31,27175,34442833,-42.83,-10022,0
20260922,082740,한화엔진,50100.0,24.06,7.52,2082.00,6666.00,14.38,0.07,1.06,41807,83447142,-46.93,-20096,0
20260922,086520,에코프로,80700.0,-73.16,5.52,-1103.00,14608.00,18.83,0.02,2.24,109571,135776152,-57.53,-4905,0
20260922,086790,하나금융지주,135000.0,9.57,0.82,14110.00,164776.00,68.80,0.01,0.02,365809,270969910,-5.26,-6682,0
20260922,088350,한화생명,5690.0,7.71,0.31,738.00,18466.00,8.81,0.08,0.57,49419,868530000,-24.74,202292,0
20260922,089030,테크윙,49100.0,194.84,8.16,252.00,6018.00,20.20,0.37,3.01,18193,37053645,-33.65,-26327,0
20260922,089970,브이엠,57600.0,56.58,8.44,1018.00,6824.00,14.03,0.30,2.53,15164,26326765,-52.83,-3277,0
20260922,093370,후성,14000.0,280.00,4.49,50.00,3118.00,9.77,0.43,1.60,15016,107255330,-40.55,-4286,0
20260922,095340,ISC,213000.0,80.44,8.12,2648.00,26223.00,28.14,0.21,0.55,45150,21197058,-27.18,-8788,0
20260922,096770,SK이노베이션,140100.0,-6.65,1.08,-21056.00,129848.00,15.78,0.07,0.48,236843,169052788,-14.94,33051,0
20260922,098460,고영,28675.0,133.37,5.65,215.00,5079.00,29.04,0.15,3.50,19558,68204213,-36.28,-2742,0
20260922,101730,위메이드맥스,4740.0,-11.13,0.85,-426.00,5563.00,9.23,0.10,0.99,3972,83803286,-41.91,-7023,0
20260922,105560,KB금융,175600.0,11.62,1.07,15116.00,164669.00,78.94,0.02,0.02,622832,354687734,-9.72,-19419,0
20260922,108490,로보티즈,305500.0,810.34,14.07,377.00,21707.00,7.10,0.12,1.70,44808,14667028,-34.16,-3551,0
20260922,115440,우리넷,9720.0,28.59,1.05,340.00,9217.00,1.84,0.93,2.56,1049,10794292,-54.47,-16573,0
20260922,117670,알파칩스,11520.0,-5.42,1.68,-2127.00,6843.00,0.67,0.09,0.00,767,6661742,-45.92,-50,0
20260922,119850,지엔씨에너지,56100.0,23.11,4.14,2428.00,13535.00,7.57,0.79,3.93,9228,16448909,-3.28,43410,0
20260922,125490,한라캐스트,12610.0,107.78,4.36,117.00,2892.00,1.57,0.71,4.30,4603,36502352,-50.26,-37531,0
20260922,126340,비나텍,85500.0,-96.28,7.22,-888.00,11841.00,8.05,0.22,1.16,6139,7180414,-58.19,-4701,0
20260922,126730,코칩,24600.0,73.43,3.51,335.00,7001.00,0.28,1.85,3.69,2157,8770126,-32.60,-6028,0
20260922,128940,한미약품,505000.0,38.16,5.12,13235.00,98560.00,12.50,0.05,1.99,64696,12810991,-21.95,1124,0
20260922,131970,두산테스나,99800.0,52.44,4.39,1903.00,22749.00,9.69,0.46,2.00,19289,19327238,-49.31,-33547,0
20260922,138080,오이솔루션,26850.0,-10.72,4.65,-2504.00,5774.00,2.08,0.58,0.01,3323,12377758,-53.63,7303,0
20260922,158430,아톤,5560.0,88.25,1.31,63.00,4240.00,1.10,0.33,5.12,1361,24482092,-51.10,5691,0
20260922,183300,코미코,33050.0,34.04,6.16,971.00,5361.00,26.55,0.20,1.35,16976,51363275,-82.75,5769,0
20260922,192650,드림텍,8200.0,8200.00,1.45,1.00,5644.00,58.12,0.31,2.54,5403,65886829,-10.09,35407,0
20260922,196170,알테오젠,255500.0,126.11,40.22,2026.00,6352.00,15.21,0.03,2.43,177969,69655133,-55.10,-5700,0
20260922,200470,에이팩트,8190.0,-6.84,6.28,-1197.00,1304.00,3.77,0.38,0.34,3589,43823556,-37.48,-31169,0
20260922,204270,제이앤티씨,24750.0,-15.63,5.71,-1583.00,4333.00,3.01,0.51,2.21,14317,57848466,-17.77,21524,0
20260922,217590,티엠씨,14340.0,-651.82,3.09,-22.00,4647.00,4.04,0.69,3.22,3455,24094225,-62.95,7059,0
20260922,218410,RFHIC,59800.0,55.27,4.47,1082.00,13376.00,19.22,0.48,3.54,15892,26575442,-52.88,-13374,0
20260922,222800,심텍,152450.0,-30.77,9.89,-4955.00,15419.00,11.09,1.02,1.64,58670,38484526,-7.16,62256,0
20260922,224060,더코디,4900.0,1.04,0.21,4706.00,23122.00,0.00,1.73,0.00,253,5160722,-61.57,-4375,0
20260922,226950,올릭스,103600.0,-133.85,15.38,-774.00,6738.00,9.73,0.07,0.47,23570,22750539,-52.26,-1453,0
20260922,232140,와이씨,14400.0,61.28,3.21,235.00,4490.00,6.36,0.94,2.69,11815,82045350,-40.37,-39321,0
20260922,234340,헥토파이낸셜,21650.0,32.61,1.72,664.00,12613.00,3.03,0.71,5.71,3025,13970656,-51.89,-3275,0
20260922,240550,동방메디컬,6240.0,10.91,1.06,572.00,5905.00,0.60,0.41,1.92,1306,20933940,-45.45,13280,0
20260922,240810,원익IPS,130500.0,76.23,6.55,1712.00,19936.00,15.51,0.46,1.15,64054,49083901,-30.51,-28865,0
20260922,251270,넷마블,34600.0,13.22,0.52,2618.00,66269.00,13.79,0.01,0.60,28773,83158425,-49.86,1163,0
20260922,263860,지니언스,16850.0,20.40,2.34,826.00,7189.00,26.21,0.26,2.06,1530,9079600,-43.83,-4598,0
20260922,265740,엔에프씨,7860.0,0.00,0.00,0.00,0.00,4.33,0.83,2.04,1404,17863600,-20.20,5346,0
20260922,267260,HD현대일렉트릭,733000.0,36.07,13.00,20324.00,56366.00,34.27,0.02,0.41,264225,36047135,-48.74,756,0
20260922,272210,한화시스템,76000.0,59.28,2.93,1282.00,25933.00,10.23,0.03,0.66,143579,188919389,-58.70,-5447,0
20260922,274090,켄코아에어로스페이스,12490.0,-10.56,1.02,-1183.00,12229.00,5.36,0.60,1.93,1720,13774207,-68.46,753,0
20260922,278470,에이피알,363500.0,47.18,30.52,7704.00,11910.00,38.06,0.07,1.01,136088,37438155,-23.47,-7863,0
20260922,295310,에이치브이엠,57800.0,-73.82,10.41,-783.00,5555.00,3.45,0.16,1.81,7170,12404558,-59.86,-5463,0
20260922,298040,효성중공업,2986000.0,53.56,11.82,55755.00,252555.00,27.29,0.04,0.46,278431,9324548,-37.03,599,0
20260922,298380,에이비엘바이오,52700.0,-76.05,18.77,-693.00,2807.00,14.50,0.07,1.37,29505,55987463,-79.53,2183,0
20260922,316140,우리금융지주,35900.0,8.51,0.73,4221.00,49068.00,50.03,0.03,0.11,264506,736786557,-13.49,-69837,0
20260922,317850,대모,6180.0,27.22,1.07,227.00,5781.00,2.80,0.11,3.04,514,8324420,-43.35,1521,0
20260922,319400,현대무벡스,21625.0,218.43,14.86,99.00,1455.00,4.68,0.09,1.23,24085,111376039,-57.09,-35773,0
20260922,319660,피에스케이,134500.0,49.59,7.23,2712.00,18606.00,22.26,0.11,1.01,38960,28966714,-38.72,-3046,0
20260922,329180,HD현대중공업,450500.0,28.69,5.06,15702.00,89025.00,13.70,0.01,0.32,472850,104961225,-41.11,56,0
20260922,332570,PS일렉트로닉스,9060.0,25.81,3.41,351.00,2656.00,0.50,0.90,7.30,4162,45940603,-39.56,-143268,0
20260922,336260,두산퓨얼셀,47600.0,-29.33,10.60,-1623.00,4491.00,13.84,0.11,0.57,31175,65493726,-56.29,-3988,0
20260922,347700,스피어,23050.0,4610.00,15.53,5.00,1484.00,8.02,0.24,0.49,11883,51551362,-59.77,-23673,0
20260922,353200,대덕전자,118400.0,128.14,6.80,924.00,17419.00,18.20,1.73,1.51,58510,49416925,-40.20,267309,0
20260922,356680,엑스게이트,17070.0,121.93,10.96,140.00,1557.00,0.77,1.99,2.77,4872,28543492,-44.12,-59962,0
20260922,356860,티엘비,43750.0,49.21,7.39,889.00,5918.00,4.62,2.10,2.33,10369,23701260,-69.15,55741,0
20260922,373220,LG에너지솔루션,355500.0,-77.54,4.12,-4585.00,86391.00,5.55,0.01,0.13,831870,234000000,-32.54,-5521,0
20260922,386380,스카이랩스,25850.0,0.00,0.00,0.00,0.00,1.76,8.35,0.00,4850,18761977,-34.31,-6023,0
20260922,402340,SK스퀘어,1167000.0,17.56,5.57,66468.00,209564.00,46.70,0.05,0.23,1539553,131923998,-46.69,-22248,0
20260922,403870,HPSP,55400.0,0.00,0.00,0.00,0.00,33.48,0.29,1.99,45594,82300000,-39.78,-91203,0
20260922,411080,샌즈랩,6070.0,-168.61,1.72,-36.00,3538.00,1.33,0.29,0.86,927,15267638,-41.01,10154,0
20260922,413630,씨피시스템,4375.0,82.55,3.66,53.00,1194.00,0.29,0.28,1.72,1594,36436605,-29.32,-12025,0
20260922,417200,LS머트리얼즈,13700.0,2283.33,5.01,6.00,2736.00,7.54,0.32,2.56,9268,67652659,-58.14,-32745,0
20260922,420770,기가비스,119500.0,98.03,7.18,1219.00,16646.00,6.98,2.95,0.40,15148,12675758,-41.99,8348,0
20260922,425040,티이엠씨,12880.0,17.22,1.36,748.00,9438.00,2.83,2.61,3.07,2824,21922898,-57.49,-10334,0
20260922,437730,삼현,53700.0,163.72,12.88,328.00,4168.00,1.69,0.38,1.42,17027,31707567,-30.17,-10378,0
20260922,440110,파두,72300.0,-47.25,184.91,-1530.00,391.00,25.40,1.27,0.04,36230,50111027,-44.13,56297,0
20260922,443670,에스피소프트,5060.0,32.65,1.83,155.00,2772.00,1.49,0.34,3.62,1215,24010564,-30.59,9924,0
20260922,456010,아이씨티케이,22450.0,-44.99,7.10,-499.00,3161.00,1.15,1.20,1.20,3256,14502350,-43.80,-22614,0
20260922,456160,지투지바이오,31850.0,-2.25,-1.66,-14150.00,-19236.00,5.85,0.08,0.93,5296,16629426,-87.16,132,0
20260922,457370,한켐,11810.0,13.81,1.72,855.00,6868.00,0.53,3.59,4.20,953,8067134,-30.69,18870,0
20260922,475150,SK이터닉스,51600.0,56.70,6.37,910.00,8095.00,4.02,0.65,3.02,17579,34067004,-41.16,121296,0
20260922,475830,오름테라퓨틱,26500.0,-13.14,4.30,-2016.00,6165.00,7.43,1.11,0.81,5765,21752916,-81.92,-59264,0
20260922,478340,나라스페이스테크놀로지,13960.0,-11.69,-3.05,-1194.00,-4583.00,2.79,0.72,0.65,1621,11610415,-78.39,-28566,0
20260922,486990,노타,22550.0,-23.06,17.51,-978.00,1288.00,0.69,11.44,0.44,4824,21392430,-65.47,111232,0
