date,us_sp500,us_nasdaq,us_dow,us_sox,us_vix_chg,us_vix_level,fx_krw,kr_vol20,kr_breadth5,kr_ret5,flow_foreign,flow_inst,flow_indiv,result_c2c,result_o2c,result_breadth,us_tnx_level,us_tnx_chg
20220103,-0.2626,-0.6136,-0.1642,-0.1485,-0.6347,17.22,0.5255,0.6744,53.94,2.6503,-9.3297,-40.9441,49.7263,0.9134,0.4341,60.03,0.151,-0.198
20220104,0.6374,1.2006,0.6791,2.0539,-3.6005,16.6,-0.1773,0.5916,54.62,2.9439,3.57,-50.2373,46.1927,0.7619,0.4687,54.59,0.163,7.672
20220105,-0.063,-1.3269,0.5866,-0.4524,1.8675,16.91,0.5809,0.6012,56.13,3.5131,-5.1225,-44.6904,50.187,-0.9823,-1.0295,26.66,0.167,2.457
20220106,-1.9393,-3.3448,-1.0667,-3.221,16.6765,19.73,0.1523,0.6525,51.05,2.2403,13.5862,-49.9188,36.495,-1.5583,-0.1778,21.31,0.171,2.2182
20220107,-0.0964,-0.1279,-0.4687,0.7518,-0.6082,19.61,0.2298,0.7577,42.89,-0.2998,5.1838,-50.3778,44.4384,1.4785,1.1343,75.15,0.173,1.6422
20220110,-0.405,-0.9612,-0.0133,-2.8836,-4.3345,18.76,0.5445,0.7734,47.55,0.6132,50.5061,-34.7328,-14.7611,-1.0742,-1.0666,25.05,0.177,2.1927
20220111,-0.1441,0.0464,-0.4493,0.2389,3.4115,19.4,-0.7381,0.8163,40.55,-1.3744,-8.689,-41.3698,49.9412,-1.4251,-1.3263,18.96,0.178,0.5082
20220112,0.916,1.4095,0.5078,1.8408,-5.1031,18.41,0.1011,0.8797,33.43,-3.5615,49.4466,-43.8587,-6.6946,1.7148,1.2184,79.5,0.175,-1.9101
20220113,0.2818,0.2306,0.1057,0.665,-4.2911,17.62,-0.7228,0.948,43.99,-0.8644,19.3615,30.6361,-50.0025,-0.1227,-0.3599,38.91,0.173,-1.2028
20220114,-1.4244,-2.5123,-0.4869,-2.2908,15.2667,20.31,-0.2985,0.9474,47.52,0.5712,18.8006,-52.1908,29.0085,-0.6819,0.0293,26.27,0.171,-0.8116
20220117,0.082,0.5872,-0.5588,2.3288,-5.5145,19.19,0.0616,0.9626,37.74,-1.5892,-16.6673,-34.2058,49.1269,-1.6142,-1.56,18.65,0.177,3.5652
20220118,,,,,,19.19,0.198,1.0303,36.46,-2.1292,-50.4501,18.9406,30.6094,-1.6005,-1.505,17.76,0.177,
20220119,-1.8388,-2.5974,-1.513,-4.4447,18.7598,22.79,0.0925,1.029,36.22,-2.3046,-0.5123,-51.5051,47.9826,-1.001,0.2375,24.46,0.187,5.2483
20220120,-0.969,-1.1487,-0.9608,-3.0867,4.6512,23.85,0.2454,1.0487,25.21,-5.0203,30.988,-50.9543,18.0578,1.7726,1.9116,81.17,0.183,-2.0375
20220121,-1.1037,-1.2987,-0.8943,-3.2512,7.2956,25.59,-0.404,1.1152,33.66,-3.125,-27.0319,48.1584,-24.8097,-0.9688,-0.3508,24.83,0.183,0.3284
20220124,-1.8915,-2.7208,-1.2963,-1.7157,12.7394,28.85,0.3594,1.1289,33.37,-3.4118,-20.4444,-28.8623,50.6933,-2.962,-2.2403,10.38,0.175,-4.6918
20220125,0.2772,0.6261,0.2893,1.3148,3.6395,29.9,-0.078,1.277,31.72,-4.7596,-43.6317,51.538,-4.8303,-3.3483,-3.5312,8.5,0.174,-0.6869
20220126,-1.2172,-2.2796,-0.1943,-3.7098,4.214,31.16,0.3491,1.4366,29.87,-6.5074,-46.5508,-5.3656,48.0836,0.2704,0.5338,48.8,0.178,2.7666
20220127,-0.1497,0.0209,-0.378,1.6757,2.5674,31.96,0.0368,1.4361,34.74,-5.236,-57.043,17.3849,25.5722,-3.562,-3.787,9.04,0.185,3.6455
20220128,-0.5384,-1.3982,-0.0214,-4.7843,-4.5995,30.49,0.3787,1.5476,20.31,-10.5706,-50.1323,46.8105,3.0572,3.1946,2.9648,88.9,0.181,-2.2186
20220203,0.9423,0.4987,0.6329,2.4584,0.592,22.09,-0.2174,1.746,33.12,-6.4073,-51.6218,34.4141,13.9641,2.7983,1.1573,83.81,0.177,-1.8889
20220204,-2.4391,-3.7366,-1.4543,-4.5764,10.2309,24.35,-0.2112,1.8685,47.81,-0.647,50.049,-10.8197,-39.1313,1.4638,1.7756,77.19,0.183,3.4541
20220207,0.5157,1.5793,-0.061,0.5978,-4.6407,23.22,0.0308,1.8972,61.55,4.165,19.9859,30.4819,-49.5323,0.2526,-0.2073,46.13,0.193,5.6377
20220208,-0.3702,-0.5841,0.004,-0.0214,-1.5504,22.86,-0.2699,1.8977,61.01,4.1472,-10.0407,-40.3733,49.5861,-0.5358,-0.7816,29.69,0.192,-0.7254
20220209,0.8401,1.2756,1.0591,2.3984,-6.2117,21.44,-0.02,1.8781,65.14,7.1734,-50.7811,4.9088,44.3101,1.6392,0.9472,79.33,0.195,1.9833
20220210,1.4517,2.0848,0.8608,3.3546,-6.903,19.96,-0.0409,1.886,63.23,5.6181,23.5567,24.57,-51.8733,-0.7182,-1.2015,28.2,0.193,-1.2794
20220211,-1.8116,-2.103,-1.4719,-3.2192,19.7896,23.91,-0.1948,1.8802,52.11,2.1016,42.0705,-50.6878,7.2418,-1.7532,-0.9108,15.33,0.203,5.2877
20220214,-1.8969,-2.7809,-1.4288,-4.8316,14.4291,27.36,0.4455,1.8916,39.74,-1.1153,31.7396,-51.0004,17.26,-3.1017,-1.4822,9.4,0.196,-3.742
20220215,-0.3841,-0.0017,-0.4948,0.1471,3.5453,28.33,-0.0092,1.9275,32.39,-4.4696,30.7762,16.9055,-52.3183,-1.5653,-1.3375,16.4,0.2,2.0972
20220216,1.5767,2.5295,1.2228,5.467,-9.2834,25.7,-0.1568,1.9379,29.73,-5.4992,-52.1472,12.8517,35.0011,3.852,2.1713,93.26,0.205,2.4549
20220217,0.0881,-0.1108,-0.156,0.0349,-5.4864,24.29,-0.0443,2.1669,32.52,-3.2864,18.001,30.6432,-51.3558,0.159,-0.2407,42.67,0.205,0.0978
20220218,-2.1173,-2.8842,-1.7812,-3.743,15.7266,28.11,-0.0067,2.1505,35.41,-2.4092,28.5814,20.947,-50.4716,1.1648,2.4199,70.6,0.197,-3.6639
20220221,-0.7166,-1.2295,-0.6786,-1.119,-1.2807,27.75,0.1596,2.1505,46.47,0.5088,-49.2252,26.8025,23.9723,0.3343,1.2463,46.4,0.193,-2.0284
20220222,,,,,,27.75,-0.2995,2.1436,53.87,3.9448,-29.6563,-23.6938,46.6499,-2.0142,-0.37,10.79,0.193,
20220223,-1.0143,-1.2293,-1.416,-0.8341,3.8198,28.81,-0.0326,2.1388,52.74,3.4959,-25.5015,-25.9912,48.5073,1.3359,0.8434,72.75,0.195,0.8282
20220224,-1.8412,-2.5709,-1.3836,-2.3322,7.671,31.02,-0.1674,2.16,48.64,0.9798,-51.4049,26.7721,21.8229,-2.9217,-2.2537,8.26,0.198,1.4887
20220225,1.4957,3.345,0.2779,3.7025,-2.2566,30.32,-0.0235,2.1574,41.76,-2.1009,-31.0326,-19.8407,49.1267,2.103,0.7545,84.02,0.197,-0.4047
20220228,2.2373,1.6405,2.513,1.5742,-9.004,27.59,1.1406,2.0795,44.44,-1.1627,20.8491,28.5229,-50.628,1.0079,0.8459,66.6,0.199,0.8634
20220302,-1.5474,-1.5921,-1.7634,-3.6355,10.5141,33.32,0.2789,2.0883,48.48,-0.4892,11.9996,-49.6286,38.3719,1.5109,1.403,74.93,0.171,-7.1778
20220303,1.8643,1.6225,1.7913,3.3681,-7.7431,30.74,0.3697,1.9228,61.31,3.036,-42.5781,-7.5216,49.9003,1.3499,0.5847,73.92,0.187,9.256
20220304,-0.5255,-1.5567,-0.2853,-2.2364,-0.8458,30.48,-0.1842,1.8289,61.55,3.05,9.1251,41.2698,-49.6051,-0.4566,-0.4074,31.72,0.184,-1.126
20220307,-0.7934,-1.6583,-0.5322,-2.4205,4.9213,31.98,0.236,1.7438,66.24,5.5151,-29.4611,-21.0485,49.4904,-1.9456,-1.3679,11.97,0.172,-6.5076
20220308,-2.9518,-3.624,-2.3722,-4.9093,13.9775,36.45,0.8889,1.774,51.83,1.4665,-27.6123,-22.6869,49.7008,-1.6617,-0.3019,15.3,0.175,1.5661
20220310,2.5698,3.595,2.0029,3.9694,-7.6288,32.45,0.0657,1.8083,41.57,-1.2031,-31.6502,-19.5231,48.8267,1.5003,0.2419,78.32,0.195,4.0598
20220311,-0.4292,-0.9475,-0.337,-2.1665,-6.8413,30.23,-0.8012,1.8385,42.25,-1.2138,-20.9634,49.798,-29.2386,1.1722,1.0113,61.57,0.201,3.2341
20220314,-1.2962,-2.1794,-0.6929,-2.084,1.7201,30.75,0.439,1.8203,39.78,-1.3915,-34.5914,-16.0834,49.3251,-1.3454,-1.4919,22.52,0.2,-0.3481
20220315,-0.7421,-2.0445,0.0032,-3.074,3.3171,31.77,0.6748,1.8372,37.94,-2.2803,-43.2936,-6.5976,50.1088,-0.1864,0.1402,35.44,0.214,6.7864
20220316,2.1409,2.9202,1.8185,4.3557,-6.1064,29.83,0.4172,1.7964,42.63,-0.5211,-51.0885,1.3481,47.5634,1.9779,0.9985,82.05,0.216,0.9346
20220317,2.2384,3.7682,1.5465,5.0257,-10.5934,26.67,-0.0298,1.6941,55.98,3.1185,-0.9057,50.8216,-48.2726,1.554,0.3429,72.41,0.219,1.2963
20220318,1.2348,1.3265,1.2261,0.7329,-3.7495,25.67,-1.5044,1.6613,54.8,3.1722,31.5222,20.5374,-47.9404,0.8067,0.325,60.64,0.219,0.1828
20220321,1.1662,2.0497,0.7951,2.0136,-7.0121,23.87,-1.036,1.4686,54.61,2.8067,-32.0692,13.8673,54.0634,0.1224,-0.3724,41.73,0.215,-2.0073
20220322,-0.0435,-0.3986,-0.581,-0.264,-1.4244,23.53,0.0033,1.4688,58.45,4.2746,-31.7979,-18.6423,49.5598,0.9156,0.8288,63.36,0.232,7.7747
20220323,1.1304,1.9537,0.7365,0.6605,-2.5074,22.94,0.7775,1.4622,64.04,5.3765,45.2216,5.8705,-48.908,0.7227,0.1364,52.4,0.237,2.5054
20220324,-1.2273,-1.3199,-1.2898,-2.4821,2.7463,23.57,-0.396,1.4656,58.11,4.1213,17.1108,34.9332,-47.956,0.541,0.7628,49.3,0.232,-2.1913
20220325,1.4344,1.9338,1.017,5.1305,-8.0611,21.67,0.2519,1.3684,53.49,3.1084,28.5419,-49.8217,21.6364,0.2256,-0.3004,43.55,0.234,0.8617
20220328,0.5066,-0.1588,0.4417,-0.2089,-3.9686,20.81,-0.0378,1.352,50.07,2.5273,-42.7348,-7.5351,49.7301,-0.0541,-0.2128,40.19,0.249,6.4502
20220329,0.7145,1.3099,0.2715,0.6192,-5.6704,19.63,0.561,1.1315,49.76,2.3507,-40.6632,-6.9233,52.4135,0.4444,0.0847,52.8,0.248,-0.6019
20220330,1.2257,1.8442,0.9678,2.2105,-3.7188,18.9,-0.0588,1.0696,47.65,1.8795,-19.1109,54.3865,-26.5026,0.0569,-0.3939,43.0,0.24,-3.1086
20220331,-0.6294,-1.2132,-0.1853,-3.226,2.2751,19.33,-1.1874,1.0631,45.77,1.2136,11.0123,44.0852,-44.9025,0.959,0.8919,61.21,0.236,-1.75
20220401,-1.5653,-1.5354,-1.5625,-2.2693,6.3632,20.56,0.1083,1.0398,48.15,1.6317,39.0687,11.194,-49.7373,-0.1173,0.0371,36.38,0.233,-1.3147
20220404,0.341,0.2882,0.4035,-1.8186,-4.5233,19.63,0.3354,1.0171,46.71,1.2888,-5.3036,-44.3014,50.395,1.0768,0.7504,62.92,0.238,2.1487
20220405,0.8091,1.9006,0.2976,1.732,-5.3999,18.57,0.3524,1.0179,51.26,2.4198,-25.5935,-9.9218,64.4847,0.328,0.027,49.5,0.241,1.4724
20220406,-1.2552,-2.2596,-0.8038,-4.5294,13.2472,21.03,-0.4004,0.8731,50.6,2.3035,13.0321,-48.9575,38.0104,-0.5938,-0.1393,26.27,0.256,5.9702
20220407,-0.9717,-2.2201,-0.4176,-2.32,5.088,22.1,0.3995,0.7686,47.25,1.6528,-23.763,-26.1952,50.0418,-1.8654,-1.2816,16.89,0.261,2.0736
20220408,0.4253,0.0611,0.2524,0.109,-2.4887,21.55,-0.0944,0.8911,38.39,-1.1716,-29.6825,-20.2346,50.0829,0.2684,0.0405,48.73,0.265,1.6481
20220411,-0.2651,-1.3405,0.3977,-2.4169,-1.8097,21.16,0.4156,0.8702,40.86,-0.7859,-50.6795,5.5235,43.797,-0.4817,-0.4301,34.65,0.271,2.3002
20220412,-1.6877,-2.181,-1.1896,-2.0855,15.1701,24.37,0.4564,0.8071,35.21,-2.3444,-31.9439,-18.1201,49.936,-0.7971,-0.0147,22.56,0.278,2.4696
20220413,-0.3417,-0.3011,-0.2557,-0.2494,-0.4514,24.26,0.5545,0.8372,29.82,-3.4696,-34.1482,-16.4618,49.3899,1.2595,1.0924,75.43,0.272,-1.9784
20220414,1.1175,2.0343,1.0059,2.3577,-10.0577,21.82,-0.5223,0.778,39.65,-1.6162,-2.6738,49.9571,-47.369,0.3255,-0.1833,48.97,0.269,-1.3945
20220415,-1.2144,-2.1439,-0.328,-2.9205,4.033,22.7,-0.446,0.7204,46.07,0.5747,-50.1192,17.504,32.3767,0.0511,0.3828,39.29,0.283,5.2475
20220418,,,,,,22.7,0.5707,0.7077,44.18,0.3573,-22.2993,-27.7689,49.9318,-0.2078,-0.163,37.0,0.283,
20220419,-0.0205,-0.1402,-0.1148,1.8813,-2.3348,22.17,-0.1634,0.7124,44.65,0.6312,-37.5015,-12.7066,49.7918,1.0967,0.9249,68.8,0.286,1.2023
20220420,1.6058,2.1549,1.4516,2.2054,-3.6085,21.37,0.5912,0.7231,53.9,2.525,13.5758,37.6308,-48.7933,0.2534,-0.0823,45.76,0.291,1.782
20220421,-0.0618,-1.2232,0.7149,-0.3498,-4.9134,20.32,0.344,0.7121,47.96,1.5189,-4.6488,-42.5574,52.7938,0.351,0.1001,46.87,0.284,-2.506
20220422,-1.4753,-2.0696,-1.0467,-2.6561,11.6142,22.68,-0.4445,0.7079,47.54,1.5443,-4.3642,50.9871,-44.6487,-0.5017,0.0223,28.4,0.292,2.7113
20220425,-2.774,-2.5455,-2.8206,-2.2529,24.3827,28.21,0.6807,0.7206,45.37,0.9915,-10.8423,-39.3659,49.7918,-2.1795,-0.8483,11.8,0.291,-0.3771
20220426,0.5698,1.2895,0.7041,1.758,-4.2184,27.02,0.0539,0.8746,40.33,-0.9801,-31.2289,-18.3658,50.4053,1.0282,0.5368,62.91,0.283,-2.7529
20220427,-2.8146,-3.9532,-2.3768,-4.3804,24.0563,33.52,0.4867,0.8988,39.15,-1.0486,-38.9619,47.9431,-13.095,-1.1468,0.9786,21.7,0.277,-1.9108
20220428,0.2098,-0.0145,0.1858,-0.4885,-5.7279,31.6,0.9206,0.9337,34.34,-2.4488,-31.0481,-19.4038,49.5482,-0.0466,-0.5512,41.05,0.282,1.6595
20220429,2.4747,3.0635,1.8451,5.577,-5.0949,29.99,0.4418,0.9049,33.17,-2.8463,-50.4767,31.0975,18.4258,1.1189,0.7134,69.55,0.286,1.5969
20220502,-3.6285,-4.1711,-2.7691,-4.47,11.3705,33.4,0.4746,0.9427,41.4,-1.2257,-0.2062,50.2719,-49.5219,0.1846,1.066,42.18,0.289,0.8383
20220503,0.5675,1.6326,0.2556,3.5106,-3.1737,32.34,-0.7671,0.9096,47.48,1.1384,-9.9031,-40.4428,49.6541,0.353,0.089,48.44,0.3,3.7755
20220504,0.4837,0.2213,0.2035,0.7494,-9.5547,29.25,0.3342,0.9102,44.58,0.4632,54.314,-42.7,-2.986,-0.7339,-1.1116,27.28,0.296,-1.2016
20220506,-3.565,-4.9917,-3.1211,-5.0022,22.738,31.2,-0.7581,0.9147,45.7,0.8761,-16.1144,-35.4397,48.4458,-1.0175,0.0948,22.41,0.307,5.108
20220509,-0.5674,-1.4047,-0.2988,-0.7809,-3.2372,30.19,1.3743,0.8484,41.97,-0.0949,-26.7774,-23.6444,49.5782,-2.4414,-2.0564,9.91,0.312,1.8591
20220510,-3.2037,-4.2933,-1.9869,-5.1293,15.1043,34.75,0.1127,0.9923,30.04,-3.6552,-20.351,-31.2624,48.3867,-0.5994,1.2067,29.83,0.308,-1.4089
20220511,0.2458,0.9844,-0.2635,2.5107,-5.0647,32.99,0.3724,0.9944,27.57,-4.4393,-40.5753,-11.2276,48.1971,0.2705,0.5205,45.38,0.299,-2.7931
20220512,-1.6463,-3.1815,-1.0156,-3.0409,-1.3034,32.56,0.1326,0.9887,26.96,-4.5217,-50.296,-0.5206,49.1834,-3.0565,-2.0945,10.56,0.292,-2.4056
20220513,-0.1296,0.0591,-0.3261,0.543,-2.4263,31.77,0.1253,1.1238,23.62,-6.8443,-22.9019,-28.6353,48.4628,1.7906,1.3326,80.07,0.282,-3.5604
20220516,2.387,3.8171,1.4698,5.0637,-9.1281,28.87,0.9858,1.2096,35.15,-4.0362,9.446,41.0081,-49.5459,0.7934,-0.0676,57.94,0.293,4.1889
20220517,-0.3946,-1.2047,0.0831,-1.6937,-4.8493,27.47,-1.0211,1.2301,44.76,-0.8015,-11.9517,-50.9848,37.0635,0.7372,0.6688,60.33,0.288,-1.9761
20220518,2.017,2.7586,1.3381,5.015,-4.9873,26.1,0.1785,1.2483,50.86,0.5352,-2.3101,58.1469,-39.543,0.2275,-0.3929,40.8,0.297,3.163
20220519,-4.0395,-4.7258,-3.5662,-5.1701,18.6207,30.96,-1.0306,1.2176,49.94,0.4921,39.5652,-51.5319,8.9029,-1.1783,1.1031,17.94,0.289,-2.7628
20220520,-0.5834,-0.2597,-0.7524,-0.6063,-5.2003,29.35,0.7042,1.229,51.42,2.3703,-5.0915,-46.8752,48.0333,1.3948,1.1182,70.45,0.286,-1.0741
20220523,0.0146,-0.2975,0.0281,-0.2657,0.2726,29.43,-0.9431,1.2769,49.49,1.9745,12.1759,37.8276,-49.9965,0.1798,-0.288,45.65,0.279,-2.3818
20220524,1.8555,1.591,1.9779,0.5474,-3.228,28.48,0.7645,1.2788,47.03,1.3609,-27.43,50.5132,-22.0567,-1.7176,-1.7635,12.52,0.286,2.5834
20220525,-0.8121,-2.3478,0.1518,-2.4627,3.4059,29.45,-1.1302,1.2469,37.47,-1.094,-22.435,-27.5061,50.0589,0.4924,0.1481,52.12,0.276,-3.4627
20220526,0.9451,1.5117,0.6003,1.9766,-3.6672,28.37,0.1724,1.226,39.74,-0.8291,-5.8704,51.992,-42.1375,0.1513,-0.119,42.36,0.275,-0.3985
20220527,1.9883,2.6753,1.6093,3.8738,-3.0666,27.5,0.4449,1.2094,44.62,0.5006,2.6629,-44.2858,53.0514,0.6855,-0.29,58.7,0.276,0.2546
20220530,2.4742,3.3259,1.7642,4.0319,-6.4727,25.72,-0.6087,1.2232,42.27,-0.2087,11.6357,43.4862,-44.878,1.4079,0.6019,78.42,0.274,-0.4717
20220531,,,,,,25.72,-0.5799,1.2393,48.83,1.0195,23.4347,28.1159,-48.4494,0.6523,0.319,57.64,0.274,
20220602,-0.7483,-0.7195,-0.5362,-1.6026,-1.9091,25.69,0.4506,1.2489,57.85,3.3894,50.373,-27.8693,-21.7577,-0.0367,-0.0486,38.43,0.293,3.0591
20220603,1.8431,2.6882,1.3258,3.5733,-3.7758,24.72,0.4196,1.245,55.11,2.8603,-7.2148,-43.7911,48.9942,0.4664,-0.0958,49.87,0.291,-0.6141
20220607,0.3137,0.4049,0.0489,0.0049,1.1295,25.07,0.7809,1.2419,56.61,3.1754,-26.0266,53.2075,-20.7659,-1.3685,-1.3467,16.14,0.304,2.7393
20220608,0.9523,0.944,0.8031,0.987,-4.1883,24.02,0.3159,1.258,48.1,1.1214,-10.963,-39.5691,49.4678,-0.1532,-0.2802,37.57,0.297,-2.1725
20220609,-1.0794,-0.7307,-0.8115,-2.3883,-0.2498,23.96,0.008,1.1339,39.93,-0.4397,-50.4813,-7.3369,42.1818,-0.4166,-0.2337,30.16,0.303,1.9179
20220610,-2.3799,-2.7472,-1.9389,-2.6932,8.8898,26.09,0.1722,1.1293,34.43,-1.5087,-51.0471,29.1592,19.7937,-0.6701,-0.0335,25.66,0.304,0.4952
20220613,-2.911,-3.5239,-2.7268,-3.6017,6.3626,27.75,0.5793,1.1394,31.88,-2.1421,-37.8294,-12.6157,49.5549,-4.698,-2.8069,5.03,0.316,3.6794
20220614,-3.8768,-4.6807,-2.7906,-5.6137,22.5946,34.02,1.1281,1.3896,22.91,-7.3065,-30.5318,-20.8804,48.5879,-1.1365,1.27,22.49,0.337,6.654
20220615,-0.3774,0.1769,-0.4978,0.6319,-3.9095,32.69,1.0577,1.3399,24.18,-7.0745,-45.4944,46.0664,-8.4392,-3.0903,-2.5494,10.32,0.348,3.4759
20220616,1.4593,2.5009,1.0002,1.7718,-9.3912,29.62,-0.1796,1.4569,18.73,-10.0116,-51.3933,12.8179,35.7888,0.2245,-1.0444,46.3,0.339,-2.5266
20220617,-3.2512,-4.0819,-2.4177,-6.2351,11.2424,32.95,-0.8779,1.441,21.96,-9.3705,38.4053,10.0683,-51.5264,-0.2591,2.3533,37.83,0.331,-2.592
20220620,0.2201,1.4301,-0.1279,0.455,-5.5235,31.13,0.7839,1.4338,24.39,-8.9595,-46.2437,-5.9523,47.804,-4.2403,-4.5611,7.73,0.324,-2.0562
20220621,,,,,,31.13,0.1801,1.6502,24.93,-8.5017,-50.4533,32.3898,17.157,1.3722,1.2971,72.24,0.324,
20220622,2.4477,2.5092,2.1462,2.7469,-3.0196,30.19,0.1457,1.6488,34.88,-5.993,-20.6202,50.2285,-29.1513,-4.316,-4.8643,6.27,0.331,2.0994
20220623,-0.1302,-0.1465,-0.1543,-1.1195,-4.1073,28.95,-0.0604,1.8233,34.08,-7.2186,-35.1536,-15.0051,49.8413,-4.793,-4.6156,7.46,0.316,-4.5661
20220624,0.9532,1.6205,0.6372,-0.6478,0.3454,29.05,0.4707,2.0115,26.31,-12.2361,-12.6114,49.6243,-37.7643,4.4618,4.7726,93.98,0.307,-2.7883
20220627,3.0563,3.3424,2.6838,4.4465,-6.2651,27.23,0.1641,2.3198,37.54,-7.5151,13.5706,36.2181,-50.2113,3.4078,2.186,90.43,0.312,1.8579
20220628,-0.2973,-0.7157,-0.1982,-0.1836,-1.0283,26.95,-0.8863,2.4882,54.08,0.1329,47.6715,-50.3162,-2.0123,0.7509,0.7004,61.08,0.319,2.208
20220629,-2.0143,-2.9763,-1.5626,-2.6317,5.2319,28.36,-0.1622,2.4899,51.85,-0.4883,-34.1634,-16.5878,49.2488,-0.0172,1.4307,39.64,0.321,0.3757
20220630,-0.0712,-0.0326,0.266,-2.1987,-0.7052,28.16,0.4533,2.4509,58.52,3.8104,-19.0724,-31.7561,49.1716,-2.006,-2.0567,17.28,0.309,-3.5246
20220701,-0.8759,-1.3343,-0.8182,-1.0731,1.9531,28.71,0.7508,2.4464,60.48,6.5974,-22.7959,-27.4145,49.7895,-1.809,-1.8588,19.42,0.297,-3.9121
20220704,1.0554,0.8986,1.0457,-3.8255,-7.001,26.7,-1.077,2.4483,45.57,0.3265,-41.6087,-7.226,51.1652,-1.413,-1.7804,22.63,0.289,-2.7927
20220705,,,,,,26.7,0.7906,2.4295,32.01,-4.4943,-23.7922,49.7109,-26.4969,3.2398,2.8201,89.97,0.289,
20220706,0.1584,1.7469,-0.4162,0.7802,3.1461,27.54,-0.1703,2.5972,37.79,-2.0055,26.3648,24.1791,-49.4561,-1.0001,-1.0457,28.15,0.281,-2.7691
20220707,0.3573,0.3498,0.2256,0.6648,-2.9412,26.73,1.0018,2.5936,35.49,-2.9883,-3.7775,-46.7927,49.4299,1.9026,1.1612,82.33,0.291,3.7024
20220708,1.4965,2.284,1.1176,4.4818,-2.4317,26.08,-0.2911,2.66,48.5,0.9202,8.2442,40.8299,-50.9258,1.132,0.2374,68.45,0.301,3.2612
20220711,-0.083,0.1201,-0.1478,0.4655,-5.5215,24.64,-0.5518,2.69,58.31,3.8612,47.6449,-26.9856,-25.3694,0.1727,-0.1976,41.37,0.31,3.0918
20220712,-1.1527,-2.2579,-0.5243,-2.4572,6.2094,26.17,-0.2975,2.5247,62.05,5.4469,-18.8779,-31.888,49.2342,-2.1231,-1.6222,14.94,0.299,-3.5472
20220713,-0.9244,-0.9485,-0.6175,0.1754,4.2797,27.29,1.3194,2.5487,47.05,0.0841,-15.799,-34.121,50.08,0.6865,0.758,61.25,0.296,-1.1033
20220714,-0.4457,-0.1522,-0.6731,0.7502,-1.7222,26.82,-0.3837,2.4829,53.67,1.7707,-11.1697,50.3685,-38.4618,0.5064,0.7827,52.37,0.29,-1.8256
20220715,-0.2999,0.0321,-0.4635,1.9229,-1.566,26.4,-0.075,2.4862,47.68,0.3745,34.7179,-50.7201,14.562,-0.536,-0.7995,30.7,0.296,1.9284
20220718,1.9201,1.7885,2.1485,2.5448,-8.2197,24.23,0.8683,2.4872,40.13,-1.2935,26.4095,-51.8769,21.7136,2.3092,1.4125,86.71,0.293,-1.0135
20220719,-0.8364,-0.8066,-0.6892,-0.5271,4.416,25.3,0.1474,2.366,49.2,0.843,50.1309,-14.2102,-35.659,0.9099,1.0743,63.4,0.296,1.0239
20220720,2.7628,3.1083,2.428,4.6116,-3.1621,24.5,0.0599,2.3556,58.89,3.876,10.5037,-51.7632,37.7331,0.8919,-0.3634,63.97,0.302,1.9932
20220721,0.5896,1.5752,0.1502,2.4908,-2.5306,23.88,-1.0168,2.1334,59.43,4.0814,-45.32,-28.1099,26.5701,0.7102,0.3312,63.47,0.304,0.5631
20220722,0.9861,1.3613,0.5084,1.5263,-3.2244,23.11,0.5645,1.7801,61.65,4.2853,50.7271,-9.8112,-39.4617,-0.477,-0.7231,29.28,0.291,-4.1502
20220725,-0.9332,-1.8699,-0.4295,-2.5507,-0.3462,23.03,-0.4585,1.5571,61.37,4.3443,-2.0375,-48.7354,49.2272,-0.0971,0.0259,41.85,0.278,-4.3643
20220726,0.1315,-0.4347,0.2845,-0.6114,1.4329,23.36,0.189,1.393,52.39,1.9379,7.298,44.1344,-48.5677,0.1813,0.2496,45.86,0.282,1.3295
20220727,-1.1543,-1.868,-0.7143,-1.6308,5.6935,24.69,0.0825,1.387,48.89,1.2092,-45.2534,45.8116,8.935,0.7003,0.6693,55.32,0.279,-1.1702
20220728,2.6156,4.0635,1.3729,4.7514,-5.8728,23.24,0.0382,1.3912,47.16,1.0177,-20.1829,-24.226,55.591,0.2283,-0.6397,48.06,0.273,-1.9017
20220729,1.2133,1.0818,1.0313,1.1508,-3.9157,22.33,-0.3776,1.2966,44.07,0.5357,51.2551,-10.0263,-38.7186,0.8426,0.2946,65.73,0.268,-1.9386
20220801,1.4208,1.8754,0.9699,0.7689,-4.4783,21.33,-0.827,1.2059,51.36,1.8554,34.9118,15.5927,-49.4955,0.5282,0.2068,52.72,0.264,-1.4547
20220802,-0.2823,-0.1752,-0.1423,0.3768,7.0792,22.84,0.5505,1.1287,53.54,2.4807,50.2348,-43.9157,-5.8495,-0.4386,-0.5556,28.37,0.261,-1.3626
20220803,-0.6662,-0.1635,-1.2264,-0.1199,4.7723,23.93,0.3432,0.9601,50.04,1.8608,16.7677,-50.1773,33.0551,0.9681,1.0292,66.58,0.274,5.1804
20220804,1.5638,2.5865,1.2851,2.6459,-8.2741,21.95,0.603,0.9164,52.29,2.1286,50.022,-6.9799,-42.9981,0.6725,0.1395,57.03,0.275,0.2554
20220805,-0.0777,0.4138,-0.2611,0.9154,-2.3235,21.44,-0.5515,0.8562,54.08,2.5729,49.8978,-36.9591,-13.1431,0.6978,0.4363,58.33,0.268,-2.6201
20220808,-0.1626,-0.4955,0.2342,-0.9093,-1.3526,21.15,-0.4054,0.8424,52.61,2.428,42.7198,8.1452,-49.1349,0.1726,0.093,44.52,0.284,6.1285
20220809,-0.1238,-0.1034,0.0886,-1.6064,0.6619,21.29,0.0507,0.8424,50.97,2.0724,21.2956,-51.7502,26.9542,0.0809,0.0581,43.77,0.277,-2.6408
20220810,-0.4249,-1.1905,-0.177,-4.5747,2.2546,21.77,-0.2848,0.6258,54.05,2.5919,3.3332,46.6669,-49.9998,-0.9334,-0.6874,25.23,0.28,1.1573
20220811,2.1291,2.8884,1.6327,4.2488,-9.3248,19.74,0.6566,0.6945,45.78,0.6904,-17.4049,-34.0217,48.5734,1.5162,0.538,79.96,0.279,-0.3933
20220812,-0.0705,-0.5826,0.0815,-0.3349,2.3303,20.2,-0.8306,0.7362,50.36,1.534,12.662,37.7261,-49.6119,0.4631,0.3732,55.86,0.289,3.6612
20220816,0.397,0.6197,0.4484,0.3093,2.1505,19.95,-0.417,0.7009,49.87,1.2993,-5.8743,47.0714,-47.0542,0.0965,-0.3833,43.97,0.279,-2.0358
20220817,0.1876,-0.1942,0.7064,-1.0298,-1.3033,19.69,0.9067,0.568,49.76,1.2232,49.482,-17.9377,-32.5803,-0.8529,-0.8661,24.98,0.282,1.1824
20220818,-0.7238,-1.2549,-0.5027,-2.4796,1.0665,19.9,-0.166,0.6147,46.0,0.2895,9.8006,-47.4436,42.7558,-0.1334,0.3556,37.18,0.289,2.4433
20220819,0.227,0.2104,0.0551,2.28,-1.7085,19.56,0.2921,0.6057,48.39,1.0895,28.9878,-49.0531,21.9591,-0.747,-0.8787,24.12,0.288,-0.4494
20220822,-1.29,-2.0063,-0.8597,-2.7816,5.317,20.6,0.9188,0.6325,37.22,-1.1736,13.3312,-50.6135,36.0553,-2.199,-1.3129,10.29,0.299,3.7847
20220823,-2.14,-2.5474,-1.908,-3.7236,15.534,23.8,0.5991,0.808,28.11,-3.8357,22.1217,-48.7935,29.0848,-1.1044,-0.1467,19.91,0.304,1.6059
20220824,-0.2238,-0.0022,-0.4658,0.7364,1.3025,24.11,0.6368,0.8484,23.3,-5.0366,8.536,-48.6609,42.803,1.0443,0.7668,66.4,0.305,0.5598
20220825,0.2916,0.4057,0.1812,0.0653,-5.3505,22.82,-0.3186,0.8761,31.58,-3.1394,45.3572,-44.3219,10.3209,1.5937,1.1878,80.75,0.311,1.7027
20220826,1.4092,1.6711,0.9783,3.6596,-4.5574,21.78,0.0687,0.9278,40.29,-1.4122,16.3513,31.7857,-51.8629,0.109,-0.45,41.52,0.303,-2.5757
20220829,-3.3688,-3.9366,-3.0289,-5.8104,17.3554,25.56,-0.4149,0.9275,43.77,-0.5563,20.302,60.2785,-19.4194,-2.5668,0.3593,9.62,0.304,0.2974
20220830,-0.6666,-1.0216,-0.5712,-1.9275,2.543,26.21,0.5051,1.0797,43.64,-0.9241,0.8646,-50.1201,49.0153,1.4974,1.3516,77.8,0.311,2.4712
20220831,-1.1028,-1.1194,-0.9599,-1.307,0.0,26.21,0.3392,1.1254,55.22,1.6776,21.8899,-53.635,24.4751,0.964,1.3256,64.77,0.311,0.0
20220901,-0.7817,-0.5633,-0.8821,-1.1534,-1.2972,25.87,0.3314,1.1397,54.89,1.5973,76.4187,-21.446,-2.1354,-2.1426,-1.7151,11.34,0.313,0.7395
20220902,0.2996,-0.2629,0.4633,-1.9213,-1.1983,25.56,-0.5873,1.2158,41.01,-2.1391,-13.8221,-36.853,49.3249,-0.2843,-0.6581,32.39,0.327,4.2132
20220905,-1.0737,-1.309,-1.0677,-1.0164,-0.3521,25.47,0.9566,1.2037,39.19,-2.5324,-32.7589,-19.4429,47.7982,-1.2215,-0.8747,20.39,0.319,-2.2052
20220906,,,,,,25.47,0.473,1.2098,41.34,-1.187,-33.6181,56.3719,-10.01,1.202,1.185,70.1,0.319,
20220907,-0.4095,-0.739,-0.5528,-1.0692,5.6537,26.91,0.022,1.2473,39.8,-1.4824,-40.0171,45.0475,-14.9355,-1.8531,-1.739,14.75,0.334,4.6038
20220908,1.8341,2.1394,1.3998,1.5567,-8.4355,24.64,1.1969,1.2972,29.8,-4.2995,-33.2878,-17.662,49.0502,0.5427,-0.1819,52.95,0.327,-2.2455
20220913,1.0584,1.2723,0.7142,0.3424,4.7389,23.87,-0.2849,1.2998,38.12,-1.6141,-44.9994,50.0368,-4.9638,2.4518,1.2358,86.57,0.336,1.2346
20220914,-4.3237,-5.1591,-3.9417,-6.1814,14.2438,27.27,-0.2357,1.3755,48.95,1.1219,17.1584,33.4002,-49.4413,-1.0694,1.8181,20.24,0.342,1.7847
20220915,0.3387,0.7402,0.0968,1.1412,-4.0704,26.16,1.2836,1.3815,48.92,1.274,-15.2769,-34.5906,50.1325,0.0851,-0.4611,39.29,0.341,-0.2922
20220916,-1.1318,-1.4277,-0.5565,-1.6195,0.4205,26.27,-0.1643,1.3814,42.76,0.1571,-38.3438,-12.6123,49.0439,-1.3922,-0.8594,19.19,0.346,1.3775
20220919,-0.7182,-0.8999,-0.4502,0.5334,0.1142,26.3,0.5355,1.3983,43.65,0.618,-11.742,-38.502,49.756,-2.3493,-2.3262,14.08,0.345,-0.318
20220920,0.6857,0.7566,0.64,0.5774,-2.0532,25.76,-0.9581,1.4698,35.87,-2.274,-14.6831,-36.5905,48.7264,1.3637,0.8926,69.09,0.349,1.2181
20220921,-1.1272,-0.9534,-1.0105,-1.4911,5.4348,27.16,0.3523,1.5142,32.38,-3.362,-5.6199,50.3464,-44.0337,-0.4539,0.0035,30.06,0.357,2.3209
20220922,-1.7116,-1.7931,-1.7015,-0.9663,3.056,27.99,0.1726,1.4492,34.34,-2.7466,-42.337,-8.148,49.515,-0.718,0.3337,29.4,0.351,-1.7082
20220923,-0.8428,-1.367,-0.3548,-2.8116,-2.2865,27.35,0.3627,1.4392,32.36,-3.5496,-12.4221,-39.4265,48.1514,-2.698,-2.4943,10.99,0.371,5.641
20220926,-1.7233,-1.7971,-1.6168,-1.4463,9.3967,29.92,0.4365,1.512,30.73,-4.8555,-33.7808,-15.9338,50.2854,-5.4504,-3.7514,4.32,0.37,-0.2967
20220927,-1.0341,-0.5982,-1.1139,-1.4708,7.8208,32.26,1.293,1.8099,28.77,-7.9566,14.2451,38.1186,-47.6363,0.1291,0.8682,44.76,0.388,4.8959
20220928,-0.212,0.246,-0.43,1.0352,1.0539,32.6,0.5598,1.8104,23.91,-9.1912,-27.9336,48.9971,-23.0693,-3.3627,-2.9309,10.54,0.396,2.2176
20220929,1.9672,2.0512,1.8835,1.2185,-7.4233,30.18,-0.2455,1.8591,20.0,-12.1,-34.0469,-15.9666,49.9865,0.1432,-1.2344,46.66,0.37,-6.5338
20220930,-2.1126,-2.8424,-1.5434,-3.2918,5.5003,31.84,-0.3022,1.8002,23.46,-11.2388,39.4412,10.3922,-50.1665,-0.1937,1.4147,39.37,0.375,1.1336
20221004,2.5884,2.2676,2.6645,3.7552,-4.8071,30.1,0.6335,1.7606,29.13,-8.7345,37.2589,12.0163,-50.7248,3.4553,1.9872,90.71,0.365,-4.0221
20221005,3.0584,3.3376,2.7989,4.462,-3.4219,29.07,-0.4092,1.9677,46.41,0.1712,34.8195,15.4237,-49.7568,-1.0462,-2.4353,23.23,0.362,-0.9312
20221006,-0.2018,-0.2485,-0.14,0.94,-1.7888,28.55,-1.1728,1.969,42.1,-1.0041,-9.8045,-40.7762,49.4193,2.7864,2.2375,87.7,0.376,3.9259
20221007,-1.0245,-0.6757,-1.146,-0.5853,6.9002,30.52,0.0162,2.0975,57.54,5.145,44.6554,5.1681,-50.1764,-0.4713,-0.0333,34.05,0.383,1.7824
20221011,-0.7492,-1.0355,-0.3205,-3.4543,3.4758,32.45,0.5346,2.0642,55.01,4.5304,-6.5491,-44.5165,48.9344,-4.4518,-2.8535,6.46,0.389,0.1288
20221012,-0.6519,-1.0995,0.1243,-2.4985,3.6364,33.63,0.8736,2.2208,48.43,0.2723,23.8272,-49.9326,26.2403,-0.0714,0.4947,43.9,0.394,1.3117
20221013,-0.3291,-0.0872,-0.0969,-0.8966,-0.1784,33.57,0.1715,2.2085,39.07,-3.2543,46.3508,-11.5378,-42.1114,-3.7878,-3.3697,7.44,0.39,-0.9393
20221014,2.5966,2.2276,2.8341,2.94,-4.8555,31.94,-0.4822,2.1867,35.91,-5.996,34.3209,-53.1891,12.49,3.8978,2.1217,92.3,0.395,1.2814
20221017,-2.3663,-3.0778,-1.3446,-4.4591,0.2505,32.02,0.4495,2.4306,36.83,-4.8845,21.6612,28.1319,-50.207,0.9304,2.3283,63.47,0.401,1.4676
20221018,2.648,3.4337,1.8593,2.2818,-2.03,31.37,0.7313,2.4517,42.71,-3.4827,35.5127,-49.4547,15.0325,2.2926,0.8325,87.41,0.401,0.1247
20221019,1.1428,0.9049,1.1197,0.4205,-2.7734,30.5,-0.7364,2.529,58.9,3.2617,-3.9101,48.9117,-47.1782,-0.4807,-1.0492,30.03,0.4,-0.4234
20221020,-0.6672,-0.853,-0.3276,0.7555,0.8525,30.76,-0.3587,2.4933,56.13,2.8524,47.5424,-24.3355,-28.1222,-0.8576,-0.8536,25.65,0.413,3.2266
20221021,-0.7951,-0.6149,-0.2965,0.6918,-2.5358,29.98,0.701,2.4612,59.77,5.7826,-10.5274,-40.9383,48.5343,-1.5614,-1.2091,17.17,0.423,2.3988
20221024,2.3725,2.307,2.4691,3.7045,-0.9673,29.69,-0.3275,2.4715,44.75,0.3234,37.844,-19.9156,-42.2404,1.4999,0.0725,73.49,0.421,-0.3076
20221025,1.1882,0.8554,1.3418,0.6359,0.5389,29.85,-0.1538,2.512,46.75,0.8929,16.2836,33.1766,-50.5398,0.1124,-0.3453,43.47,0.423,0.4985
20221026,1.6267,2.2507,1.0702,2.2598,-4.6566,28.46,1.1099,2.4613,37.96,-1.2873,-7.1662,50.4517,-42.382,-0.9699,-1.4066,23.9,0.411,-2.9759
20221027,-0.7388,-2.037,0.0074,-1.1794,-4.1462,27.28,-1.1794,2.1713,36.73,-1.7765,49.6968,-9.7631,-40.5401,1.7132,1.3357,79.81,0.401,-2.2639
20221028,-0.6083,-1.6254,0.6098,-1.5036,0.4032,27.39,-0.998,2.2069,47.57,0.7943,23.2992,26.7595,-49.9412,-0.8905,-0.5923,29.2,0.394,-1.9427
20221031,2.4626,2.8703,2.5864,3.9759,-5.9876,25.75,0.5635,2.0819,49.97,1.4652,-47.4531,50.471,-2.0759,0.9823,-0.1649,64.03,0.401,1.8542
20221101,-0.7454,-1.0295,-0.3921,-2.0221,0.5049,25.88,0.0704,2.0908,48.08,0.9476,51.113,-1.9235,-46.9636,1.4258,1.291,73.69,0.408,1.6708
20221102,-0.4101,-0.8855,-0.2436,0.7675,-0.2705,25.81,0.2124,2.1074,54.12,2.261,35.9949,13.6932,-50.3118,-0.1148,-0.0465,40.57,0.405,-0.6132
20221103,-2.5002,-3.3611,-1.5479,-3.0915,0.1937,25.86,-0.5665,1.9732,57.46,3.1161,43.4064,-51.3185,5.2751,-0.0916,1.4962,36.08,0.406,0.1728
20221104,-1.0586,-1.7279,-0.4557,-1.5298,-2.1655,25.3,0.4588,1.9577,48.71,1.3113,15.3674,-50.6597,33.9729,0.1132,0.3434,43.55,0.412,1.6014
20221107,1.3619,1.2792,1.2561,4.5965,-2.9644,24.55,0.0387,1.858,51.58,2.315,5.0792,-41.8062,53.1147,1.2065,0.8297,69.43,0.416,0.7759
20221108,0.9614,0.8522,1.3078,2.1841,-0.8147,24.35,-1.513,1.8744,52.66,2.5391,22.4154,26.8341,-50.7506,1.5923,1.1209,78.3,0.421,1.3956
20221109,0.5598,0.4892,1.0169,2.1533,4.8871,25.54,-0.6711,1.5909,53.59,2.7057,20.6202,29.2367,-50.1431,0.6458,0.189,54.27,0.413,-2.0883
20221110,-2.0778,-2.4776,-1.9508,-3.1385,2.1535,26.09,-1.3319,1.5891,56.33,3.4662,29.849,19.8052,-50.3458,-0.4262,0.1692,29.79,0.415,0.6059
20221111,5.5434,7.3502,3.6951,10.2144,-9.8122,23.53,-0.262,1.2884,55.07,3.1316,-21.9612,-29.7601,48.2787,2.3254,-0.2567,84.26,0.383,-7.7572
20221114,0.9241,1.8821,0.0964,3.0833,-4.2924,22.52,-1.5454,1.1186,63.21,5.3438,20.557,29.7937,-49.6494,0.7008,0.266,56.25,0.381,-0.4179
20221115,-0.8936,-1.1226,-0.6257,-0.9746,5.373,23.73,-2.6931,1.115,60.58,4.8381,13.8842,-49.4516,36.6642,1.421,1.2345,71.24,0.387,1.3638
20221116,0.8713,1.4486,0.1676,3.0263,3.4134,24.54,0.8416,1.0581,59.17,4.6668,-43.4948,0.0045,56.5007,0.1346,-0.3312,43.85,0.38,-1.7076
20221117,-0.8252,-1.5385,-0.1164,-4.2621,-1.7522,24.11,-0.5906,1.0404,57.08,4.1556,-12.9068,-34.0495,53.0437,-0.7737,-0.6823,25.65,0.369,-2.8165
20221118,-0.3089,-0.346,-0.0224,1.051,-0.7466,23.93,1.5324,1.0352,56.25,3.808,-35.1315,-15.1297,49.7388,-0.4278,-0.5081,29.86,0.378,2.2481
20221121,0.4759,0.0099,0.5943,0.1813,-3.3849,23.12,0.4729,0.9511,45.37,1.0548,46.792,-26.1271,-27.0809,-1.501,-1.7305,18.52,0.382,1.1391
20221122,-0.3884,-1.0905,-0.1346,-1.7694,-3.2872,22.36,-0.277,1.0173,37.82,-1.147,-33.6077,-14.5951,51.7972,-0.3038,0.0453,35.17,0.383,0.1833
20221123,1.358,1.3597,1.1805,3.0267,-4.7853,21.29,1.5474,1.0263,30.61,-2.8717,-23.9628,-27.2921,48.7451,1.3333,0.6585,71.46,0.376,-1.7516
20221124,0.5915,0.9925,0.2814,1.0737,-4.4152,20.35,-0.5192,1.002,36.13,-1.673,35.3838,12.2058,-52.4104,1.5305,0.9306,77.67,0.371,-1.3837
20221125,,,,,,20.35,-1.1739,0.9913,46.54,0.6312,28.1059,20.7281,-51.166,-0.2295,-0.3681,36.76,0.371,
20221128,-0.0283,-0.5224,0.4474,-1.2615,0.7371,20.5,-1.4153,0.9567,47.92,0.8295,68.2952,9.6944,-22.0104,-1.7887,-1.7747,14.56,0.369,-0.4048
20221129,-1.5444,-1.5754,-1.4487,-2.6348,8.3415,22.21,1.2649,1.0677,47.12,0.5417,-14.3293,-37.1303,48.5403,1.2822,1.8093,73.59,0.37,0.3251
20221130,-0.1592,-0.5948,0.0091,-0.3035,-1.4408,21.89,0.4166,1.0608,54.81,2.1277,15.5062,34.047,-50.4468,0.5698,0.5514,55.47,0.375,1.2152
20221201,3.0948,4.4085,2.1778,5.8488,-5.9845,20.58,-1.1006,1.0569,51.61,1.3641,50.6711,-22.118,-27.2109,1.2418,0.0738,72.88,0.37,-1.2006
20221202,-0.0868,0.126,-0.5631,-0.7836,-3.5957,19.84,-3.4383,1.068,50.65,1.0755,13.8518,36.0006,-50.1475,-0.4617,-0.6358,32.34,0.353,-4.6989
20221205,-0.1195,-0.1825,0.1014,-1.193,-3.9315,19.06,1.8323,1.0838,49.77,0.8433,-21.5698,-28.3773,50.053,-0.0738,-0.3086,44.44,0.351,-0.6517
20221206,-1.7894,-1.9331,-1.4022,-1.1977,8.8667,20.75,-0.3131,1.0722,55.74,2.5582,-46.2472,-2.5239,51.2289,-1.6493,-0.931,14.05,0.36,2.6526
20221207,-1.4399,-2.0022,-1.0333,-2.3564,6.8434,22.17,0.4003,1.1148,43.83,-0.3732,-13.2261,-37.178,49.5959,-0.3813,0.2805,30.21,0.351,-2.3896
20221208,-0.1862,-0.5115,0.0047,-0.0105,2.3004,22.68,1.176,1.1157,38.78,-1.3243,-46.5337,-4.9303,48.5361,-1.0556,-0.9596,22.7,0.341,-2.9889
20221209,0.7522,1.1265,0.5463,2.6739,-1.7196,22.29,-0.4251,1.1394,28.75,-3.6217,-52.0157,19.0523,28.932,1.175,0.7414,67.96,0.349,2.4354
20221212,-0.735,-0.6982,-0.9029,-0.8638,2.4226,22.83,0.1925,1.051,35.87,-1.985,10.7597,39.1006,-50.1397,-0.2807,-0.1802,37.31,0.357,2.177
20221213,1.4279,1.2642,1.579,2.1385,9.505,25.0,-1.0223,1.0417,34.44,-2.1919,34.4725,-60.5516,4.9759,0.0769,-0.289,43.98,0.361,1.2335
20221214,0.729,1.0146,0.3047,1.5227,-9.8,22.55,0.211,0.9891,40.43,-0.4657,-56.0693,15.0656,28.8651,1.5314,1.1299,76.75,0.35,-3.0463
20221215,-0.6053,-0.7633,-0.4172,-1.5687,-6.2528,21.14,-1.2972,1.0492,49.74,1.447,27.6295,22.5623,-49.8083,-0.2501,-0.1835,35.17,0.35,0.0571
20221216,-2.4922,-3.2259,-2.2497,-4.1717,7.9943,22.83,0.5198,1.0363,52.23,2.2525,-4.9753,-45.7711,49.2536,-0.596,0.7632,27.2,0.345,-1.513
20221219,-1.1138,-0.9724,-0.8486,-0.951,-0.9198,22.62,1.6532,1.0405,44.08,0.4815,37.2915,-53.1576,9.5509,-0.1871,0.0044,36.16,0.348,0.9275
20221220,-0.9008,-1.4888,-0.4949,-1.3748,-0.8842,22.42,-0.6256,0.983,43.85,0.5751,-31.8675,46.3142,-21.8183,-1.8397,-1.6051,13.13,0.358,2.8432
20221221,0.1037,0.0102,0.2815,-0.6239,-4.1927,21.48,-0.5753,1.066,37.68,-1.3415,-35.9666,-16.3579,47.6755,0.2061,-0.3165,45.34,0.368,2.8763
20221222,1.4868,1.5384,1.6035,2.3556,-6.5642,20.07,-1.3594,1.0228,31.4,-2.6668,-16.8436,49.5707,-33.5858,0.85,0.373,66.86,0.368,0.0
20221223,-1.4452,-2.178,-1.0456,-4.2038,9.4669,21.97,-0.2236,0.9798,37.74,-1.5667,4.492,46.2886,-49.2195,-2.7585,-1.9241,6.91,0.367,-0.4072
20221226,0.5868,0.2075,0.5342,0.0853,-5.0068,20.87,0.7363,1.1395,33.68,-3.7291,-27.9229,50.0084,-22.0687,-0.3968,-0.3874,36.19,0.375,2.2349
20221227,,,,,,20.87,-0.8495,1.0826,33.69,-3.9388,5.3051,45.5289,-49.1661,1.223,1.2065,70.95,0.375,
20221228,-0.405,-1.3777,0.1133,-1.7874,3.7374,21.65,-0.3213,1.0787,45.25,-0.8761,3.909,46.5623,-49.5287,-0.6918,-0.1932,36.11,0.386,2.9059
20221229,-1.2021,-1.3517,-1.1006,-1.473,2.2633,22.14,-0.2235,1.0715,43.41,-1.774,-15.1963,-35.3794,49.4243,-2.2232,-1.9029,12.98,0.389,0.6995
