timestamp,mode,code,name,action,reason
2026-09-01T09:05:45,real,328130,루닛,buy,"고점 대비 하락 + 최근3일 저점 대비 반등 확인 (고점 12100 대비 -24.7%, 저점 8810 대비 반등 +3.4%, 현재가 9110)"
2026-09-01T09:05:59,real,043260,성호전자,buy,"고점 대비 하락 + 최근3일 저점 대비 반등 확인 (고점 22400 대비 -25.7%, 저점 14000 대비 반등 +18.9%, 현재가 16650)"
2026-09-01T09:15:12,real,121850,코이즈,hold,"하락폭은 충족하지만 아직 반등 확인 안 됨 (최근3일 저점 509 대비 +1.2%, 기준 +3.0% 이상 필요)"
2026-09-01T09:15:15,real,487400,케이앤에스아이앤씨,hold,"데이터 부족 (최소 20일 필요, 현재 13일)"
2026-09-01T09:15:17,real,223310,사토시홀딩스,sell,"손절 라인 도달: 종목당 손실액 -17,865원 (기준 -16,000원)"
2026-09-01T09:16:00,real,328130,루닛,buy,"고점 대비 하락 + 최근3일 저점 대비 반등 확인 (고점 12100 대비 -24.6%, 저점 8810 대비 반등 +3.5%, 현재가 9120)"
2026-09-01T09:16:02,real,043260,성호전자,buy,"고점 대비 하락 + 최근3일 저점 대비 반등 확인 (고점 22400 대비 -27.4%, 저점 14000 대비 반등 +16.2%, 현재가 16270)"
2026-09-01T09:25:12,real,121850,코이즈,buy,"고점 대비 하락 + 최근3일 저점 대비 반등 확인 (고점 1999 대비 -73.3%, 저점 509 대비 반등 +4.9%, 현재가 534)"
2026-09-01T09:25:14,real,487400,케이앤에스아이앤씨,hold,"데이터 부족 (최소 20일 필요, 현재 13일)"
2026-09-01T09:25:17,real,100090,SK오션플랜트,hold,"하락폭은 충족하지만 아직 반등 확인 안 됨 (최근3일 저점 12220 대비 +1.1%, 기준 +3.0% 이상 필요)"
2026-09-01T09:25:20,real,328130,루닛,buy,"고점 대비 하락 + 최근3일 저점 대비 반등 확인 (고점 12100 대비 -24.5%, 저점 8810 대비 반등 +3.6%, 현재가 9130)"
2026-09-01T09:25:24,real,043260,성호전자,buy,"고점 대비 하락 + 최근3일 저점 대비 반등 확인 (고점 22400 대비 -27.3%, 저점 14000 대비 반등 +16.3%, 현재가 16280)"
2026-09-01T09:35:14,real,121850,코이즈,buy,"고점 대비 하락 + 최근3일 저점 대비 반등 확인 (고점 1999 대비 -73.2%, 저점 509 대비 반등 +5.1%, 현재가 535)"
2026-09-01T09:35:16,real,487400,케이앤에스아이앤씨,hold,"데이터 부족 (최소 20일 필요, 현재 13일)"
2026-09-01T09:35:18,real,100090,SK오션플랜트,hold,"하락폭은 충족하지만 아직 반등 확인 안 됨 (최근3일 저점 12190 대비 +0.3%, 기준 +3.0% 이상 필요)"
2026-09-01T09:35:22,real,328130,루닛,hold,"하락폭은 충족하지만 아직 반등 확인 안 됨 (최근3일 저점 8810 대비 +2.8%, 기준 +3.0% 이상 필요)"
2026-09-01T09:35:26,real,043260,성호전자,buy,"고점 대비 하락 + 최근3일 저점 대비 반등 확인 (고점 22400 대비 -27.2%, 저점 14000 대비 반등 +16.5%, 현재가 16310)"
2026-09-01T09:45:14,real,121850,코이즈,buy,"고점 대비 하락 + 최근3일 저점 대비 반등 확인 (고점 1999 대비 -73.1%, 저점 509 대비 반등 +5.7%, 현재가 538)"
2026-09-01T09:45:16,real,487400,케이앤에스아이앤씨,hold,"데이터 부족 (최소 20일 필요, 현재 13일)"
2026-09-01T09:45:19,real,100090,SK오션플랜트,hold,"하락폭은 충족하지만 아직 반등 확인 안 됨 (최근3일 저점 12190 대비 +1.2%, 기준 +3.0% 이상 필요)"
2026-09-01T09:45:22,real,328130,루닛,hold,"하락폭은 충족하지만 아직 반등 확인 안 됨 (최근3일 저점 8810 대비 +2.8%, 기준 +3.0% 이상 필요)"
2026-09-01T09:45:26,real,043260,성호전자,buy,"고점 대비 하락 + 최근3일 저점 대비 반등 확인 (고점 22400 대비 -27.3%, 저점 14000 대비 반등 +16.4%, 현재가 16290)"
2026-09-01T09:55:13,real,121850,코이즈,buy,"고점 대비 하락 + 최근3일 저점 대비 반등 확인 (고점 1999 대비 -72.8%, 저점 509 대비 반등 +6.9%, 현재가 544)"
2026-09-01T09:55:15,real,487400,케이앤에스아이앤씨,hold,"데이터 부족 (최소 20일 필요, 현재 13일)"
2026-09-01T09:55:51,real,100090,SK오션플랜트,hold,"하락폭은 충족하지만 아직 반등 확인 안 됨 (최근3일 저점 12190 대비 +1.5%, 기준 +3.0% 이상 필요)"
2026-09-01T09:55:54,real,328130,루닛,hold,"하락폭은 충족하지만 아직 반등 확인 안 됨 (최근3일 저점 8810 대비 +2.5%, 기준 +3.0% 이상 필요)"
2026-09-01T09:55:58,real,043260,성호전자,buy,"고점 대비 하락 + 최근3일 저점 대비 반등 확인 (고점 22400 대비 -27.6%, 저점 14000 대비 반등 +15.9%, 현재가 16220)"
2026-09-01T10:05:13,real,121850,코이즈,buy,"고점 대비 하락 + 최근3일 저점 대비 반등 확인 (고점 1999 대비 -73.5%, 저점 509 대비 반등 +3.9%, 현재가 529)"
2026-09-01T10:05:16,real,417030,니어스랩,hold,"데이터 부족 (최소 20일 필요, 현재 7일)"
2026-09-01T10:05:18,real,100090,SK오션플랜트,hold,"하락폭은 충족하지만 아직 반등 확인 안 됨 (최근3일 저점 12190 대비 +2.5%, 기준 +3.0% 이상 필요)"
2026-09-01T10:05:22,real,328130,루닛,buy,"고점 대비 하락 + 최근3일 저점 대비 반등 확인 (고점 12100 대비 -24.7%, 저점 8810 대비 반등 +3.4%, 현재가 9110)"
2026-09-01T10:05:25,real,043260,성호전자,buy,"고점 대비 하락 + 최근3일 저점 대비 반등 확인 (고점 22400 대비 -26.8%, 저점 14000 대비 반등 +17.1%, 현재가 16400)"
2026-09-01T10:15:12,real,121850,코이즈,hold,"하락폭은 충족하지만 아직 반등 확인 안 됨 (최근3일 저점 509 대비 +2.2%, 기준 +3.0% 이상 필요)"
2026-09-01T10:15:15,real,417030,니어스랩,hold,"데이터 부족 (최소 20일 필요, 현재 7일)"
2026-09-01T10:15:17,real,100090,SK오션플랜트,hold,"하락폭은 충족하지만 아직 반등 확인 안 됨 (최근3일 저점 12190 대비 +1.7%, 기준 +3.0% 이상 필요)"
2026-09-01T10:15:54,real,328130,루닛,hold,"하락폭은 충족하지만 아직 반등 확인 안 됨 (최근3일 저점 8810 대비 +2.7%, 기준 +3.0% 이상 필요)"
2026-09-01T10:15:58,real,043260,성호전자,buy,"고점 대비 하락 + 최근3일 저점 대비 반등 확인 (고점 22400 대비 -26.5%, 저점 14000 대비 반등 +17.6%, 현재가 16470)"
2026-09-01T10:25:12,real,121850,코이즈,hold,"하락폭은 충족하지만 아직 반등 확인 안 됨 (최근3일 저점 509 대비 +2.2%, 기준 +3.0% 이상 필요)"
2026-09-01T10:25:14,real,417030,니어스랩,hold,"데이터 부족 (최소 20일 필요, 현재 7일)"
2026-09-01T10:25:17,real,028300,HLB,hold,"하락폭은 충족하지만 아직 반등 확인 안 됨 (최근3일 저점 34400 대비 +2.6%, 기준 +3.0% 이상 필요)"
2026-09-01T10:25:20,real,328130,루닛,hold,"하락폭은 충족하지만 아직 반등 확인 안 됨 (최근3일 저점 8810 대비 +3.0%, 기준 +3.0% 이상 필요)"
2026-09-01T10:25:23,real,043260,성호전자,buy,"고점 대비 하락 + 최근3일 저점 대비 반등 확인 (고점 22400 대비 -25.2%, 저점 14000 대비 반등 +19.7%, 현재가 16760)"
2026-09-01T10:35:12,real,121850,코이즈,hold,"하락폭은 충족하지만 아직 반등 확인 안 됨 (최근3일 저점 500 대비 +1.4%, 기준 +3.0% 이상 필요)"
2026-09-01T10:35:15,real,417030,니어스랩,hold,"데이터 부족 (최소 20일 필요, 현재 7일)"
2026-09-01T10:35:17,real,028300,HLB,hold,"하락폭은 충족하지만 아직 반등 확인 안 됨 (최근3일 저점 34400 대비 +2.6%, 기준 +3.0% 이상 필요)"
2026-09-01T10:35:21,real,328130,루닛,buy,"고점 대비 하락 + 최근3일 저점 대비 반등 확인 (고점 12100 대비 -25.0%, 저점 8810 대비 반등 +3.1%, 현재가 9080)"
2026-09-01T10:35:24,real,043260,성호전자,buy,"고점 대비 하락 + 최근3일 저점 대비 반등 확인 (고점 22400 대비 -26.4%, 저점 14000 대비 반등 +17.7%, 현재가 16480)"
2026-09-01T10:45:12,real,121850,코이즈,hold,"하락폭은 충족하지만 아직 반등 확인 안 됨 (최근3일 저점 500 대비 +2.2%, 기준 +3.0% 이상 필요)"
2026-09-01T10:45:49,real,417030,니어스랩,hold,"데이터 부족 (최소 20일 필요, 현재 7일)"
2026-09-01T10:45:51,real,028300,HLB,hold,"하락폭은 충족하지만 아직 반등 확인 안 됨 (최근3일 저점 34400 대비 +1.9%, 기준 +3.0% 이상 필요)"
2026-09-01T10:45:55,real,328130,루닛,hold,"하락폭은 충족하지만 아직 반등 확인 안 됨 (최근3일 저점 8810 대비 +2.8%, 기준 +3.0% 이상 필요)"
2026-09-01T10:45:58,real,043260,성호전자,buy,"고점 대비 하락 + 최근3일 저점 대비 반등 확인 (고점 22400 대비 -24.9%, 저점 14000 대비 반등 +20.2%, 현재가 16830)"
2026-09-01T10:55:13,real,210980,SK디앤디,buy,"고점 대비 하락 + 최근3일 저점 대비 반등 확인 (고점 4340 대비 -17.3%, 저점 2639 대비 반등 +36.0%, 현재가 3590)"
2026-09-01T10:55:15,real,417030,니어스랩,hold,"데이터 부족 (최소 20일 필요, 현재 7일)"
2026-09-01T10:55:52,real,028300,HLB,hold,"하락폭은 충족하지만 아직 반등 확인 안 됨 (최근3일 저점 34400 대비 +1.5%, 기준 +3.0% 이상 필요)"
2026-09-01T10:55:55,real,328130,루닛,hold,"하락폭은 충족하지만 아직 반등 확인 안 됨 (최근3일 저점 8810 대비 +2.3%, 기준 +3.0% 이상 필요)"
2026-09-01T10:55:59,real,043260,성호전자,buy,"고점 대비 하락 + 최근3일 저점 대비 반등 확인 (고점 22400 대비 -25.9%, 저점 14000 대비 반등 +18.6%, 현재가 16600)"
2026-09-01T11:05:12,real,210980,SK디앤디,buy,"고점 대비 하락 + 최근3일 저점 대비 반등 확인 (고점 4340 대비 -16.2%, 저점 2639 대비 반등 +37.7%, 현재가 3635)"
2026-09-01T11:05:15,real,052460,아이크래프트,buy,"고점 대비 하락 + 최근3일 저점 대비 반등 확인 (고점 8610 대비 -35.4%, 저점 5350 대비 반등 +3.9%, 현재가 5560)"
2026-09-01T11:05:17,real,028300,HLB,hold,"하락폭은 충족하지만 아직 반등 확인 안 됨 (최근3일 저점 34400 대비 +1.5%, 기준 +3.0% 이상 필요)"
2026-09-01T11:05:21,real,328130,루닛,hold,"하락폭은 충족하지만 아직 반등 확인 안 됨 (최근3일 저점 8810 대비 +2.5%, 기준 +3.0% 이상 필요)"
2026-09-01T11:05:24,real,043260,성호전자,buy,"고점 대비 하락 + 최근3일 저점 대비 반등 확인 (고점 22400 대비 -26.3%, 저점 14000 대비 반등 +17.9%, 현재가 16500)"
2026-09-01T11:15:12,real,210980,SK디앤디,buy,"고점 대비 하락 + 최근3일 저점 대비 반등 확인 (고점 4340 대비 -15.9%, 저점 2639 대비 반등 +38.3%, 현재가 3650)"
2026-09-01T11:15:14,real,052460,아이크래프트,buy,"고점 대비 하락 + 최근3일 저점 대비 반등 확인 (고점 8610 대비 -35.3%, 저점 5350 대비 반등 +4.1%, 현재가 5570)"
2026-09-01T11:15:17,real,028300,HLB,hold,"하락폭은 충족하지만 아직 반등 확인 안 됨 (최근3일 저점 34400 대비 +0.7%, 기준 +3.0% 이상 필요)"
2026-09-01T11:15:56,real,328130,루닛,hold,"하락폭은 충족하지만 아직 반등 확인 안 됨 (최근3일 저점 8810 대비 +2.8%, 기준 +3.0% 이상 필요)"
2026-09-01T11:16:00,real,043260,성호전자,buy,"고점 대비 하락 + 최근3일 저점 대비 반등 확인 (고점 22400 대비 -25.9%, 저점 14000 대비 반등 +18.6%, 현재가 16600)"
2026-09-01T11:25:13,real,210980,SK디앤디,buy,"고점 대비 하락 + 최근3일 저점 대비 반등 확인 (고점 4340 대비 -15.9%, 저점 2639 대비 반등 +38.3%, 현재가 3650)"
2026-09-01T11:25:15,real,052460,아이크래프트,buy,"고점 대비 하락 + 최근3일 저점 대비 반등 확인 (고점 8610 대비 -35.2%, 저점 5350 대비 반등 +4.3%, 현재가 5580)"
2026-09-01T11:25:17,real,417030,니어스랩,hold,"데이터 부족 (최소 20일 필요, 현재 7일)"
2026-09-01T11:25:20,real,328130,루닛,hold,"하락폭은 충족하지만 아직 반등 확인 안 됨 (최근3일 저점 8810 대비 +2.8%, 기준 +3.0% 이상 필요)"
2026-09-01T11:25:24,real,043260,성호전자,buy,"고점 대비 하락 + 최근3일 저점 대비 반등 확인 (고점 22400 대비 -25.8%, 저점 14000 대비 반등 +18.8%, 현재가 16630)"
2026-09-01T11:35:14,real,210980,SK디앤디,buy,"고점 대비 하락 + 최근3일 저점 대비 반등 확인 (고점 4340 대비 -15.9%, 저점 2639 대비 반등 +38.3%, 현재가 3650)"
2026-09-01T11:35:16,real,052460,아이크래프트,hold,"하락폭은 충족하지만 아직 반등 확인 안 됨 (최근3일 저점 5300 대비 +0.2%, 기준 +3.0% 이상 필요)"
2026-09-01T11:35:19,real,417030,니어스랩,hold,"데이터 부족 (최소 20일 필요, 현재 7일)"
2026-09-01T11:35:22,real,328130,루닛,hold,"하락폭은 충족하지만 아직 반등 확인 안 됨 (최근3일 저점 8810 대비 +2.7%, 기준 +3.0% 이상 필요)"
2026-09-01T11:35:26,real,043260,성호전자,buy,"고점 대비 하락 + 최근3일 저점 대비 반등 확인 (고점 22400 대비 -26.2%, 저점 14000 대비 반등 +18.1%, 현재가 16540)"
2026-09-01T11:45:13,real,210980,SK디앤디,buy,"고점 대비 하락 + 최근3일 저점 대비 반등 확인 (고점 4340 대비 -15.9%, 저점 2639 대비 반등 +38.3%, 현재가 3650)"
2026-09-01T11:45:15,real,052460,아이크래프트,hold,"하락폭은 충족하지만 아직 반등 확인 안 됨 (최근3일 저점 5220 대비 +1.0%, 기준 +3.0% 이상 필요)"
2026-09-01T11:45:17,real,417030,니어스랩,hold,"데이터 부족 (최소 20일 필요, 현재 7일)"
2026-09-01T11:45:21,real,328130,루닛,hold,"하락폭은 충족하지만 아직 반등 확인 안 됨 (최근3일 저점 8810 대비 +2.6%, 기준 +3.0% 이상 필요)"
2026-09-01T11:45:24,real,043260,성호전자,buy,"고점 대비 하락 + 최근3일 저점 대비 반등 확인 (고점 22400 대비 -26.2%, 저점 14000 대비 반등 +18.0%, 현재가 16520)"
2026-09-01T11:55:12,real,210980,SK디앤디,buy,"고점 대비 하락 + 최근3일 저점 대비 반등 확인 (고점 4340 대비 -15.9%, 저점 2639 대비 반등 +38.3%, 현재가 3650)"
2026-09-01T11:55:14,real,052460,아이크래프트,hold,"하락폭은 충족하지만 아직 반등 확인 안 됨 (최근3일 저점 5220 대비 +2.1%, 기준 +3.0% 이상 필요)"
2026-09-01T11:55:17,real,417030,니어스랩,hold,"데이터 부족 (최소 20일 필요, 현재 7일)"
2026-09-01T11:55:20,real,328130,루닛,hold,"하락폭은 충족하지만 아직 반등 확인 안 됨 (최근3일 저점 8810 대비 +2.7%, 기준 +3.0% 이상 필요)"
2026-09-01T11:55:23,real,043260,성호전자,buy,"고점 대비 하락 + 최근3일 저점 대비 반등 확인 (고점 22400 대비 -26.1%, 저점 14000 대비 반등 +18.3%, 현재가 16560)"
2026-09-01T12:05:10,real,210980,SK디앤디,buy,"고점 대비 하락 + 최근3일 저점 대비 반등 확인 (고점 4340 대비 -15.9%, 저점 2639 대비 반등 +38.3%, 현재가 3650)"
2026-09-01T12:05:11,real,052460,아이크래프트,hold,"하락폭은 충족하지만 아직 반등 확인 안 됨 (최근3일 저점 5220 대비 +1.7%, 기준 +3.0% 이상 필요)"
2026-09-01T12:05:12,real,417030,니어스랩,hold,"데이터 부족 (최소 20일 필요, 현재 7일)"
2026-09-01T12:05:14,real,328130,루닛,buy,"고점 대비 하락 + 최근3일 저점 대비 반등 확인 (고점 12100 대비 -25.0%, 저점 8810 대비 반등 +3.1%, 현재가 9080)"
2026-09-01T12:05:15,real,043260,성호전자,buy,"고점 대비 하락 + 최근3일 저점 대비 반등 확인 (고점 22400 대비 -26.3%, 저점 14000 대비 반등 +17.9%, 현재가 16510)"
2026-09-01T12:15:06,real,210980,SK디앤디,buy,"고점 대비 하락 + 최근3일 저점 대비 반등 확인 (고점 4340 대비 -15.9%, 저점 2639 대비 반등 +38.3%, 현재가 3650)"
2026-09-01T12:15:07,real,052460,아이크래프트,hold,"하락폭은 충족하지만 아직 반등 확인 안 됨 (최근3일 저점 5170 대비 +0.8%, 기준 +3.0% 이상 필요)"
2026-09-01T12:15:08,real,417030,니어스랩,hold,"데이터 부족 (최소 20일 필요, 현재 7일)"
2026-09-01T12:15:29,real,328130,루닛,buy,"고점 대비 하락 + 최근3일 저점 대비 반등 확인 (고점 12100 대비 -25.0%, 저점 8810 대비 반등 +3.1%, 현재가 9080)"
2026-09-01T12:15:31,real,043260,성호전자,buy,"고점 대비 하락 + 최근3일 저점 대비 반등 확인 (고점 22400 대비 -26.6%, 저점 14000 대비 반등 +17.4%, 현재가 16440)"
2026-09-01T12:25:10,real,210980,SK디앤디,buy,"고점 대비 하락 + 최근3일 저점 대비 반등 확인 (고점 4340 대비 -15.9%, 저점 2639 대비 반등 +38.3%, 현재가 3650)"
2026-09-01T12:25:11,real,052460,아이크래프트,hold,"하락폭은 충족하지만 아직 반등 확인 안 됨 (최근3일 저점 5170 대비 +2.9%, 기준 +3.0% 이상 필요)"
2026-09-01T12:25:32,real,368600,아이씨에이치,buy,"고점 대비 하락 + 최근3일 저점 대비 반등 확인 (고점 1248 대비 -19.5%, 저점 886 대비 반등 +13.4%, 현재가 1005)"
2026-09-01T12:25:33,real,328130,루닛,buy,"고점 대비 하락 + 최근3일 저점 대비 반등 확인 (고점 12100 대비 -25.0%, 저점 8810 대비 반등 +3.1%, 현재가 9080)"
2026-09-01T12:25:35,real,043260,성호전자,buy,"고점 대비 하락 + 최근3일 저점 대비 반등 확인 (고점 22400 대비 -26.4%, 저점 14000 대비 반등 +17.8%, 현재가 16490)"
2026-09-01T12:35:06,real,210980,SK디앤디,buy,"고점 대비 하락 + 최근3일 저점 대비 반등 확인 (고점 4340 대비 -15.9%, 저점 2639 대비 반등 +38.3%, 현재가 3650)"
2026-09-01T12:35:07,real,054940,엑사이엔씨,buy,"고점 대비 하락 + 최근3일 저점 대비 반등 확인 (고점 4970 대비 -15.2%, 저점 3280 대비 반등 +28.5%, 현재가 4215)"
2026-09-01T12:35:08,real,368600,아이씨에이치,buy,"고점 대비 하락 + 최근3일 저점 대비 반등 확인 (고점 1248 대비 -19.2%, 저점 886 대비 반등 +13.9%, 현재가 1009)"
2026-09-01T12:35:10,real,328130,루닛,buy,"고점 대비 하락 + 최근3일 저점 대비 반등 확인 (고점 12100 대비 -24.9%, 저점 8810 대비 반등 +3.2%, 현재가 9090)"
2026-09-01T12:35:11,real,043260,성호전자,buy,"고점 대비 하락 + 최근3일 저점 대비 반등 확인 (고점 22400 대비 -26.5%, 저점 14000 대비 반등 +17.6%, 현재가 16460)"
2026-09-01T12:45:06,real,210980,SK디앤디,buy,"고점 대비 하락 + 최근3일 저점 대비 반등 확인 (고점 4340 대비 -15.9%, 저점 2639 대비 반등 +38.3%, 현재가 3650)"
2026-09-01T12:45:07,real,054940,엑사이엔씨,buy,"고점 대비 하락 + 최근3일 저점 대비 반등 확인 (고점 4970 대비 -14.9%, 저점 3280 대비 반등 +29.0%, 현재가 4230)"
2026-09-01T12:45:08,real,368600,아이씨에이치,buy,"고점 대비 하락 + 최근3일 저점 대비 반등 확인 (고점 1248 대비 -20.2%, 저점 886 대비 반등 +12.4%, 현재가 996)"
2026-09-01T12:45:09,real,328130,루닛,hold,"하락폭은 충족하지만 아직 반등 확인 안 됨 (최근3일 저점 8810 대비 +3.0%, 기준 +3.0% 이상 필요)"
2026-09-01T12:45:11,real,043260,성호전자,buy,"고점 대비 하락 + 최근3일 저점 대비 반등 확인 (고점 22400 대비 -26.1%, 저점 14000 대비 반등 +18.2%, 현재가 16550)"
2026-09-01T12:55:05,real,210980,SK디앤디,buy,"고점 대비 하락 + 최근3일 저점 대비 반등 확인 (고점 4340 대비 -15.9%, 저점 2639 대비 반등 +38.3%, 현재가 3650)"
2026-09-01T12:55:06,real,054940,엑사이엔씨,buy,"고점 대비 하락 + 최근3일 저점 대비 반등 확인 (고점 4970 대비 -14.9%, 저점 3280 대비 반등 +29.0%, 현재가 4230)"
2026-09-01T12:55:07,real,368600,아이씨에이치,buy,"고점 대비 하락 + 최근3일 저점 대비 반등 확인 (고점 1248 대비 -20.0%, 저점 886 대비 반등 +12.6%, 현재가 998)"
2026-09-01T12:55:09,real,328130,루닛,buy,"고점 대비 하락 + 최근3일 저점 대비 반등 확인 (고점 12100 대비 -25.0%, 저점 8810 대비 반등 +3.1%, 현재가 9080)"
2026-09-01T12:55:10,real,043260,성호전자,buy,"고점 대비 하락 + 최근3일 저점 대비 반등 확인 (고점 22400 대비 -26.3%, 저점 14000 대비 반등 +17.9%, 현재가 16500)"
2026-09-01T13:05:05,real,210980,SK디앤디,buy,"고점 대비 하락 + 최근3일 저점 대비 반등 확인 (고점 4340 대비 -15.9%, 저점 2639 대비 반등 +38.3%, 현재가 3650)"
2026-09-01T13:05:06,real,054940,엑사이엔씨,buy,"고점 대비 하락 + 최근3일 저점 대비 반등 확인 (고점 4970 대비 -13.6%, 저점 3280 대비 반등 +30.9%, 현재가 4295)"
2026-09-01T13:05:07,real,368600,아이씨에이치,buy,"고점 대비 하락 + 최근3일 저점 대비 반등 확인 (고점 1248 대비 -19.7%, 저점 886 대비 반등 +13.1%, 현재가 1002)"
2026-09-01T13:05:09,real,328130,루닛,buy,"고점 대비 하락 + 최근3일 저점 대비 반등 확인 (고점 12100 대비 -25.0%, 저점 8810 대비 반등 +3.1%, 현재가 9080)"
2026-09-01T13:05:10,real,043260,성호전자,buy,"고점 대비 하락 + 최근3일 저점 대비 반등 확인 (고점 22400 대비 -26.3%, 저점 14000 대비 반등 +17.9%, 현재가 16500)"
2026-09-01T13:15:05,real,210980,SK디앤디,buy,"고점 대비 하락 + 최근3일 저점 대비 반등 확인 (고점 4340 대비 -15.9%, 저점 2639 대비 반등 +38.3%, 현재가 3650)"
2026-09-01T13:15:06,real,054940,엑사이엔씨,buy,"고점 대비 하락 + 최근3일 저점 대비 반등 확인 (고점 4970 대비 -15.1%, 저점 3280 대비 반등 +28.7%, 현재가 4220)"
2026-09-01T13:15:07,real,368600,아이씨에이치,buy,"고점 대비 하락 + 최근3일 저점 대비 반등 확인 (고점 1248 대비 -17.2%, 저점 886 대비 반등 +16.6%, 현재가 1033)"
2026-09-01T13:15:09,real,328130,루닛,hold,"하락폭은 충족하지만 아직 반등 확인 안 됨 (최근3일 저점 8810 대비 +2.8%, 기준 +3.0% 이상 필요)"
2026-09-01T13:15:10,real,043260,성호전자,buy,"고점 대비 하락 + 최근3일 저점 대비 반등 확인 (고점 22400 대비 -26.0%, 저점 14000 대비 반등 +18.4%, 현재가 16570)"
2026-09-01T13:25:05,real,210980,SK디앤디,buy,"고점 대비 하락 + 최근3일 저점 대비 반등 확인 (고점 4340 대비 -15.9%, 저점 2639 대비 반등 +38.3%, 현재가 3650)"
2026-09-01T13:25:06,real,054940,엑사이엔씨,buy,"고점 대비 하락 + 최근3일 저점 대비 반등 확인 (고점 4970 대비 -15.4%, 저점 3280 대비 반등 +28.2%, 현재가 4205)"
2026-09-01T13:25:07,real,368600,아이씨에이치,buy,"고점 대비 하락 + 최근3일 저점 대비 반등 확인 (고점 1248 대비 -16.1%, 저점 886 대비 반등 +18.2%, 현재가 1047)"
2026-09-01T13:25:10,real,328130,루닛,buy,"고점 대비 하락 + 최근3일 저점 대비 반등 확인 (고점 12100 대비 -24.7%, 저점 8810 대비 반등 +3.4%, 현재가 9110)"
2026-09-01T13:25:11,real,043260,성호전자,buy,"고점 대비 하락 + 최근3일 저점 대비 반등 확인 (고점 22400 대비 -26.1%, 저점 14000 대비 반등 +18.2%, 현재가 16550)"
2026-09-01T13:35:10,real,210980,SK디앤디,buy,"고점 대비 하락 + 최근3일 저점 대비 반등 확인 (고점 4340 대비 -15.9%, 저점 2639 대비 반등 +38.3%, 현재가 3650)"
2026-09-01T13:35:11,real,054940,엑사이엔씨,buy,"고점 대비 하락 + 최근3일 저점 대비 반등 확인 (고점 4970 대비 -14.5%, 저점 3280 대비 반등 +29.6%, 현재가 4250)"
2026-09-01T13:35:11,real,368600,아이씨에이치,buy,"고점 대비 하락 + 최근3일 저점 대비 반등 확인 (고점 1248 대비 -15.5%, 저점 886 대비 반등 +19.1%, 현재가 1055)"
2026-09-01T13:35:13,real,328130,루닛,buy,"고점 대비 하락 + 최근3일 저점 대비 반등 확인 (고점 12100 대비 -24.9%, 저점 8810 대비 반등 +3.2%, 현재가 9090)"
2026-09-01T13:35:15,real,043260,성호전자,buy,"고점 대비 하락 + 최근3일 저점 대비 반등 확인 (고점 22400 대비 -26.1%, 저점 14000 대비 반등 +18.3%, 현재가 16560)"
2026-09-01T13:45:06,real,210980,SK디앤디,buy,"고점 대비 하락 + 최근3일 저점 대비 반등 확인 (고점 4340 대비 -15.9%, 저점 2639 대비 반등 +38.3%, 현재가 3650)"
2026-09-01T13:45:07,real,054940,엑사이엔씨,buy,"고점 대비 하락 + 최근3일 저점 대비 반등 확인 (고점 4970 대비 -14.6%, 저점 3280 대비 반등 +29.4%, 현재가 4245)"
2026-09-01T13:45:08,real,368600,아이씨에이치,buy,"고점 대비 하락 + 최근3일 저점 대비 반등 확인 (고점 1248 대비 -14.8%, 저점 886 대비 반등 +20.0%, 현재가 1063)"
2026-09-01T13:45:10,real,328130,루닛,hold,"하락폭은 충족하지만 아직 반등 확인 안 됨 (최근3일 저점 8810 대비 +2.8%, 기준 +3.0% 이상 필요)"
2026-09-01T13:45:11,real,043260,성호전자,buy,"고점 대비 하락 + 최근3일 저점 대비 반등 확인 (고점 22400 대비 -26.2%, 저점 14000 대비 반등 +18.1%, 현재가 16530)"
2026-09-01T13:55:08,real,210980,SK디앤디,buy,"고점 대비 하락 + 최근3일 저점 대비 반등 확인 (고점 4340 대비 -15.9%, 저점 2639 대비 반등 +38.3%, 현재가 3650)"
2026-09-01T13:55:09,real,054940,엑사이엔씨,buy,"고점 대비 하락 + 최근3일 저점 대비 반등 확인 (고점 4970 대비 -15.0%, 저점 3280 대비 반등 +28.8%, 현재가 4225)"
2026-09-01T13:55:10,real,368600,아이씨에이치,buy,"고점 대비 하락 + 최근3일 저점 대비 반등 확인 (고점 1248 대비 -19.7%, 저점 886 대비 반등 +13.1%, 현재가 1002)"
2026-09-01T13:55:12,real,328130,루닛,buy,"고점 대비 하락 + 최근3일 저점 대비 반등 확인 (고점 12100 대비 -25.0%, 저점 8810 대비 반등 +3.1%, 현재가 9080)"
2026-09-01T13:55:13,real,043260,성호전자,buy,"고점 대비 하락 + 최근3일 저점 대비 반등 확인 (고점 22400 대비 -26.0%, 저점 14000 대비 반등 +18.4%, 현재가 16570)"
2026-09-01T14:05:05,real,210980,SK디앤디,buy,"고점 대비 하락 + 최근3일 저점 대비 반등 확인 (고점 4340 대비 -15.9%, 저점 2639 대비 반등 +38.3%, 현재가 3650)"
2026-09-01T14:05:07,real,054940,엑사이엔씨,buy,"고점 대비 하락 + 최근3일 저점 대비 반등 확인 (고점 4970 대비 -15.7%, 저점 3280 대비 반등 +27.7%, 현재가 4190)"
2026-09-01T14:05:08,real,368600,아이씨에이치,buy,"고점 대비 하락 + 최근3일 저점 대비 반등 확인 (고점 1248 대비 -20.3%, 저점 886 대비 반등 +12.3%, 현재가 995)"
2026-09-01T14:05:09,real,328130,루닛,hold,"하락폭은 충족하지만 아직 반등 확인 안 됨 (최근3일 저점 8810 대비 +2.8%, 기준 +3.0% 이상 필요)"
2026-09-01T14:05:11,real,043260,성호전자,buy,"고점 대비 하락 + 최근3일 저점 대비 반등 확인 (고점 22400 대비 -26.0%, 저점 14000 대비 반등 +18.4%, 현재가 16580)"
2026-09-01T14:15:05,real,210980,SK디앤디,buy,"고점 대비 하락 + 최근3일 저점 대비 반등 확인 (고점 4340 대비 -15.9%, 저점 2639 대비 반등 +38.3%, 현재가 3650)"
2026-09-01T14:15:06,real,054940,엑사이엔씨,buy,"고점 대비 하락 + 최근3일 저점 대비 반등 확인 (고점 4970 대비 -18.6%, 저점 3280 대비 반등 +23.3%, 현재가 4045)"
2026-09-01T14:15:07,real,368600,아이씨에이치,buy,"고점 대비 하락 + 최근3일 저점 대비 반등 확인 (고점 1248 대비 -21.6%, 저점 886 대비 반등 +10.4%, 현재가 978)"
2026-09-01T14:15:09,real,328130,루닛,hold,"하락폭은 충족하지만 아직 반등 확인 안 됨 (최근3일 저점 8810 대비 +2.4%, 기준 +3.0% 이상 필요)"
2026-09-01T14:15:10,real,043260,성호전자,buy,"고점 대비 하락 + 최근3일 저점 대비 반등 확인 (고점 22400 대비 -26.0%, 저점 14000 대비 반등 +18.4%, 현재가 16580)"
2026-09-01T14:25:06,real,210980,SK디앤디,buy,"고점 대비 하락 + 최근3일 저점 대비 반등 확인 (고점 4340 대비 -15.9%, 저점 2639 대비 반등 +38.3%, 현재가 3650)"
2026-09-01T14:25:07,real,054940,엑사이엔씨,buy,"고점 대비 하락 + 최근3일 저점 대비 반등 확인 (고점 4970 대비 -18.3%, 저점 3280 대비 반등 +23.8%, 현재가 4060)"
2026-09-01T14:25:08,real,368600,아이씨에이치,buy,"고점 대비 하락 + 최근3일 저점 대비 반등 확인 (고점 1248 대비 -21.8%, 저점 886 대비 반등 +10.2%, 현재가 976)"
2026-09-01T14:25:09,real,328130,루닛,hold,"하락폭은 충족하지만 아직 반등 확인 안 됨 (최근3일 저점 8810 대비 +2.7%, 기준 +3.0% 이상 필요)"
2026-09-01T14:25:11,real,043260,성호전자,buy,"고점 대비 하락 + 최근3일 저점 대비 반등 확인 (고점 22400 대비 -26.1%, 저점 14000 대비 반등 +18.3%, 현재가 16560)"
2026-09-01T14:35:08,real,210980,SK디앤디,buy,"고점 대비 하락 + 최근3일 저점 대비 반등 확인 (고점 4340 대비 -15.9%, 저점 2639 대비 반등 +38.3%, 현재가 3650)"
2026-09-01T14:35:09,real,054940,엑사이엔씨,buy,"고점 대비 하락 + 최근3일 저점 대비 반등 확인 (고점 4970 대비 -17.1%, 저점 3280 대비 반등 +25.6%, 현재가 4120)"
2026-09-01T14:35:10,real,368600,아이씨에이치,buy,"고점 대비 하락 + 최근3일 저점 대비 반등 확인 (고점 1248 대비 -22.4%, 저점 886 대비 반등 +9.3%, 현재가 968)"
2026-09-01T14:35:11,real,328130,루닛,hold,"하락폭은 충족하지만 아직 반등 확인 안 됨 (최근3일 저점 8810 대비 +2.7%, 기준 +3.0% 이상 필요)"
2026-09-01T14:35:13,real,043260,성호전자,buy,"고점 대비 하락 + 최근3일 저점 대비 반등 확인 (고점 22400 대비 -25.6%, 저점 14000 대비 반등 +19.0%, 현재가 16660)"
2026-09-01T14:45:05,real,210980,SK디앤디,buy,"고점 대비 하락 + 최근3일 저점 대비 반등 확인 (고점 4340 대비 -15.9%, 저점 2639 대비 반등 +38.3%, 현재가 3650)"
2026-09-01T14:45:06,real,054940,엑사이엔씨,buy,"고점 대비 하락 + 최근3일 저점 대비 반등 확인 (고점 4970 대비 -16.0%, 저점 3280 대비 반등 +27.3%, 현재가 4175)"
2026-09-01T14:45:07,real,368600,아이씨에이치,buy,"고점 대비 하락 + 최근3일 저점 대비 반등 확인 (고점 1248 대비 -21.7%, 저점 886 대비 반등 +10.3%, 현재가 977)"
2026-09-01T14:45:09,real,328130,루닛,buy,"고점 대비 하락 + 최근3일 저점 대비 반등 확인 (고점 12100 대비 -24.8%, 저점 8810 대비 반등 +3.3%, 현재가 9100)"
2026-09-01T14:45:10,real,043260,성호전자,buy,"고점 대비 하락 + 최근3일 저점 대비 반등 확인 (고점 22400 대비 -25.2%, 저점 14000 대비 반등 +19.7%, 현재가 16760)"
2026-09-01T14:55:05,real,210980,SK디앤디,buy,"고점 대비 하락 + 최근3일 저점 대비 반등 확인 (고점 4340 대비 -15.9%, 저점 2639 대비 반등 +38.3%, 현재가 3650)"
2026-09-01T14:55:06,real,054940,엑사이엔씨,buy,"고점 대비 하락 + 최근3일 저점 대비 반등 확인 (고점 4970 대비 -18.1%, 저점 3280 대비 반등 +24.1%, 현재가 4070)"
2026-09-01T14:55:07,real,368600,아이씨에이치,buy,"고점 대비 하락 + 최근3일 저점 대비 반등 확인 (고점 1248 대비 -23.0%, 저점 886 대비 반등 +8.5%, 현재가 961)"
2026-09-01T14:55:09,real,328130,루닛,buy,"고점 대비 하락 + 최근3일 저점 대비 반등 확인 (고점 12100 대비 -24.8%, 저점 8810 대비 반등 +3.3%, 현재가 9100)"
2026-09-01T14:55:11,real,043260,성호전자,buy,"고점 대비 하락 + 최근3일 저점 대비 반등 확인 (고점 22400 대비 -25.6%, 저점 14000 대비 반등 +19.0%, 현재가 16660)"
2026-09-01T15:05:06,real,210980,SK디앤디,buy,"고점 대비 하락 + 최근3일 저점 대비 반등 확인 (고점 4340 대비 -15.9%, 저점 2639 대비 반등 +38.3%, 현재가 3650)"
2026-09-01T15:05:07,real,054940,엑사이엔씨,buy,"고점 대비 하락 + 최근3일 저점 대비 반등 확인 (고점 4970 대비 -17.3%, 저점 3280 대비 반등 +25.3%, 현재가 4110)"
2026-09-01T15:05:08,real,368600,아이씨에이치,buy,"고점 대비 하락 + 최근3일 저점 대비 반등 확인 (고점 1248 대비 -23.0%, 저점 886 대비 반등 +8.5%, 현재가 961)"
2026-09-01T15:05:10,real,328130,루닛,buy,"고점 대비 하락 + 최근3일 저점 대비 반등 확인 (고점 12100 대비 -24.3%, 저점 8810 대비 반등 +4.0%, 현재가 9160)"
2026-09-01T15:05:11,real,043260,성호전자,buy,"고점 대비 하락 + 최근3일 저점 대비 반등 확인 (고점 22400 대비 -25.8%, 저점 14000 대비 반등 +18.8%, 현재가 16630)"
2026-09-01T15:15:09,real,210980,SK디앤디,buy,"고점 대비 하락 + 최근3일 저점 대비 반등 확인 (고점 4340 대비 -15.9%, 저점 2639 대비 반등 +38.3%, 현재가 3650)"
2026-09-01T15:15:10,real,054940,엑사이엔씨,buy,"고점 대비 하락 + 최근3일 저점 대비 반등 확인 (고점 4970 대비 -18.2%, 저점 3280 대비 반등 +23.9%, 현재가 4065)"
2026-09-01T15:15:11,real,368600,아이씨에이치,buy,"고점 대비 하락 + 최근3일 저점 대비 반등 확인 (고점 1248 대비 -23.6%, 저점 886 대비 반등 +7.7%, 현재가 954)"
2026-09-01T15:15:13,real,328130,루닛,buy,"고점 대비 하락 + 최근3일 저점 대비 반등 확인 (고점 12100 대비 -24.5%, 저점 8810 대비 반등 +3.6%, 현재가 9130)"
2026-09-01T15:15:14,real,043260,성호전자,buy,"고점 대비 하락 + 최근3일 저점 대비 반등 확인 (고점 22400 대비 -25.8%, 저점 14000 대비 반등 +18.7%, 현재가 16620)"
2026-09-01T15:15:24,real,043260,성호전자,sell,장마감 전 일일 정리 매도
2026-09-01T15:15:32,real,328130,루닛,sell,장마감 전 일일 정리 매도
2026-09-02T09:05:10,real,052460,아이크래프트,hold,"하락폭은 충족하지만 아직 반등 확인 안 됨 (최근3일 저점 4765 대비 +0.5%, 기준 +3.0% 이상 필요)"
2026-09-02T09:05:11,real,142760,모아라이프플러스,buy,"고점 대비 하락 + 최근3일 저점 대비 반등 확인 (고점 1179 대비 -21.6%, 저점 707 대비 반등 +30.7%, 현재가 924)"
2026-09-02T09:05:48,real,210120,캔버스엔,buy,"고점 대비 하락 + 최근3일 저점 대비 반등 확인 (고점 2200 대비 -19.8%, 저점 1706 대비 반등 +3.4%, 현재가 1764)"
2026-09-02T09:06:00,real,261520,이지스,buy,"고점 대비 하락 + 최근3일 저점 대비 반등 확인 (고점 5480 대비 -16.9%, 저점 4035 대비 반등 +12.9%, 현재가 4555)"
2026-09-02T09:06:01,real,054940,엑사이엔씨,buy,"고점 대비 하락 + 최근3일 저점 대비 반등 확인 (고점 4970 대비 -20.0%, 저점 3330 대비 반등 +19.4%, 현재가 3975)"
2026-09-02T09:15:07,real,052460,아이크래프트,buy,"고점 대비 하락 + 최근3일 저점 대비 반등 확인 (고점 8610 대비 -44.8%, 저점 4610 대비 반등 +3.1%, 현재가 4755)"
2026-09-02T09:15:08,real,142760,모아라이프플러스,sell,손절 라인 도달: 종목 -4.6% - 코스피 +0.1% = 상대 -4.7% (기준 -3.9%)
2026-09-02T09:15:34,real,210120,캔버스엔,buy,"고점 대비 하락 + 최근3일 저점 대비 반등 확인 (고점 2200 대비 -19.4%, 저점 1706 대비 반등 +4.0%, 현재가 1774)"
2026-09-02T09:15:35,real,261520,이지스,buy,"고점 대비 하락 + 최근3일 저점 대비 반등 확인 (고점 5480 대비 -18.8%, 저점 4035 대비 반등 +10.3%, 현재가 4450)"
2026-09-02T09:15:45,real,054940,엑사이엔씨,buy,"고점 대비 하락 + 최근3일 저점 대비 반등 확인 (고점 4970 대비 -21.0%, 저점 3330 대비 반등 +17.9%, 현재가 3925)"
2026-09-02T09:25:07,real,052460,아이크래프트,hold,"하락폭은 충족하지만 아직 반등 확인 안 됨 (최근3일 저점 4610 대비 +2.3%, 기준 +3.0% 이상 필요)"
2026-09-02T09:25:08,real,033160,엠케이전자,buy,"고점 대비 하락 + 최근3일 저점 대비 반등 확인 (고점 19350 대비 -22.9%, 저점 12820 대비 반등 +16.3%, 현재가 14910)"
2026-09-02T09:25:10,real,210120,캔버스엔,buy,"고점 대비 하락 + 최근3일 저점 대비 반등 확인 (고점 2200 대비 -19.0%, 저점 1706 대비 반등 +4.5%, 현재가 1783)"
2026-09-02T09:25:12,real,261520,이지스,buy,"고점 대비 하락 + 최근3일 저점 대비 반등 확인 (고점 5480 대비 -19.3%, 저점 4035 대비 반등 +9.7%, 현재가 4425)"
2026-09-02T09:25:13,real,054940,엑사이엔씨,buy,"고점 대비 하락 + 최근3일 저점 대비 반등 확인 (고점 4970 대비 -18.6%, 저점 3330 대비 반등 +21.5%, 현재가 4045)"
2026-09-02T09:35:07,real,052460,아이크래프트,buy,"고점 대비 하락 + 최근3일 저점 대비 반등 확인 (고점 8610 대비 -44.1%, 저점 4610 대비 반등 +4.4%, 현재가 4815)"
2026-09-02T09:35:08,real,033160,엠케이전자,buy,"고점 대비 하락 + 최근3일 저점 대비 반등 확인 (고점 19350 대비 -23.3%, 저점 12820 대비 반등 +15.8%, 현재가 14840)"
2026-09-02T09:35:10,real,210120,캔버스엔,buy,"고점 대비 하락 + 최근3일 저점 대비 반등 확인 (고점 2200 대비 -19.4%, 저점 1706 대비 반등 +4.0%, 현재가 1774)"
2026-09-02T09:35:11,real,261520,이지스,buy,"고점 대비 하락 + 최근3일 저점 대비 반등 확인 (고점 5480 대비 -19.2%, 저점 4035 대비 반등 +9.8%, 현재가 4430)"
2026-09-02T09:35:12,real,054940,엑사이엔씨,buy,"고점 대비 하락 + 최근3일 저점 대비 반등 확인 (고점 4970 대비 -17.0%, 저점 3330 대비 반등 +23.9%, 현재가 4125)"
2026-09-02T09:45:07,real,052460,아이크래프트,buy,"고점 대비 하락 + 최근3일 저점 대비 반등 확인 (고점 8610 대비 -41.2%, 저점 4610 대비 반등 +9.8%, 현재가 5060)"
2026-09-02T09:45:08,real,033160,엠케이전자,buy,"고점 대비 하락 + 최근3일 저점 대비 반등 확인 (고점 19350 대비 -22.9%, 저점 12820 대비 반등 +16.4%, 현재가 14920)"
2026-09-02T09:45:09,real,210120,캔버스엔,buy,"고점 대비 하락 + 최근3일 저점 대비 반등 확인 (고점 2200 대비 -19.0%, 저점 1706 대비 반등 +4.4%, 현재가 1781)"
2026-09-02T09:45:11,real,261520,이지스,buy,"고점 대비 하락 + 최근3일 저점 대비 반등 확인 (고점 5480 대비 -20.0%, 저점 4035 대비 반등 +8.7%, 현재가 4385)"
2026-09-02T09:45:12,real,054940,엑사이엔씨,buy,"고점 대비 하락 + 최근3일 저점 대비 반등 확인 (고점 4970 대비 -19.0%, 저점 3330 대비 반등 +20.9%, 현재가 4025)"
2026-09-02T09:55:07,real,052460,아이크래프트,buy,"고점 대비 하락 + 최근3일 저점 대비 반등 확인 (고점 8610 대비 -41.9%, 저점 4610 대비 반등 +8.5%, 현재가 5000)"
2026-09-02T09:55:08,real,033160,엠케이전자,buy,"고점 대비 하락 + 최근3일 저점 대비 반등 확인 (고점 19350 대비 -23.0%, 저점 12820 대비 반등 +16.2%, 현재가 14900)"
2026-09-02T09:55:09,real,210120,캔버스엔,buy,"고점 대비 하락 + 최근3일 저점 대비 반등 확인 (고점 2200 대비 -17.9%, 저점 1706 대비 반등 +5.9%, 현재가 1806)"
2026-09-02T09:55:11,real,261520,이지스,buy,"고점 대비 하락 + 최근3일 저점 대비 반등 확인 (고점 5480 대비 -19.3%, 저점 4035 대비 반등 +9.5%, 현재가 4420)"
2026-09-02T09:55:12,real,054940,엑사이엔씨,buy,"고점 대비 하락 + 최근3일 저점 대비 반등 확인 (고점 4970 대비 -19.4%, 저점 3330 대비 반등 +20.3%, 현재가 4005)"
2026-09-02T10:05:07,real,052460,아이크래프트,buy,"고점 대비 하락 + 최근3일 저점 대비 반등 확인 (고점 8610 대비 -42.9%, 저점 4610 대비 반등 +6.7%, 현재가 4920)"
2026-09-02T10:05:08,real,033160,엠케이전자,buy,"고점 대비 하락 + 최근3일 저점 대비 반등 확인 (고점 19350 대비 -22.5%, 저점 12820 대비 반등 +17.0%, 현재가 15000)"
2026-09-02T10:05:09,real,210120,캔버스엔,buy,"고점 대비 하락 + 최근3일 저점 대비 반등 확인 (고점 2200 대비 -17.4%, 저점 1706 대비 반등 +6.6%, 현재가 1818)"
2026-09-02T10:05:11,real,261520,이지스,buy,"고점 대비 하락 + 최근3일 저점 대비 반등 확인 (고점 5480 대비 -19.5%, 저점 4035 대비 반등 +9.3%, 현재가 4410)"
2026-09-02T10:05:12,real,054940,엑사이엔씨,buy,"고점 대비 하락 + 최근3일 저점 대비 반등 확인 (고점 4970 대비 -19.5%, 저점 3330 대비 반등 +20.2%, 현재가 4002)"
2026-09-02T10:15:07,real,052460,아이크래프트,buy,"고점 대비 하락 + 최근3일 저점 대비 반등 확인 (고점 8610 대비 -44.0%, 저점 4610 대비 반등 +4.6%, 현재가 4820)"
2026-09-02T10:15:08,real,033160,엠케이전자,buy,"고점 대비 하락 + 최근3일 저점 대비 반등 확인 (고점 19350 대비 -23.5%, 저점 12820 대비 반등 +15.4%, 현재가 14800)"
2026-09-02T10:15:09,real,210120,캔버스엔,buy,"고점 대비 하락 + 최근3일 저점 대비 반등 확인 (고점 2200 대비 -18.8%, 저점 1706 대비 반등 +4.7%, 현재가 1786)"
2026-09-02T10:15:11,real,261520,이지스,buy,"고점 대비 하락 + 최근3일 저점 대비 반등 확인 (고점 5480 대비 -19.8%, 저점 4035 대비 반등 +8.9%, 현재가 4395)"
2026-09-02T10:15:12,real,054940,엑사이엔씨,buy,"고점 대비 하락 + 최근3일 저점 대비 반등 확인 (고점 4970 대비 -15.8%, 저점 3330 대비 반등 +25.7%, 현재가 4185)"
2026-09-02T10:25:09,real,052460,아이크래프트,buy,"고점 대비 하락 + 최근3일 저점 대비 반등 확인 (고점 8610 대비 -43.7%, 저점 4610 대비 반등 +5.1%, 현재가 4845)"
2026-09-02T10:25:10,real,033160,엠케이전자,buy,"고점 대비 하락 + 최근3일 저점 대비 반등 확인 (고점 19350 대비 -23.6%, 저점 12820 대비 반등 +15.3%, 현재가 14780)"
2026-09-02T10:25:11,real,210120,캔버스엔,buy,"고점 대비 하락 + 최근3일 저점 대비 반등 확인 (고점 2200 대비 -18.4%, 저점 1706 대비 반등 +5.2%, 현재가 1795)"
2026-09-02T10:25:13,real,261520,이지스,buy,"고점 대비 하락 + 최근3일 저점 대비 반등 확인 (고점 5480 대비 -19.1%, 저점 4035 대비 반등 +9.9%, 현재가 4435)"
2026-09-02T10:25:14,real,054940,엑사이엔씨,buy,"고점 대비 하락 + 최근3일 저점 대비 반등 확인 (고점 4970 대비 -14.5%, 저점 3330 대비 반등 +27.6%, 현재가 4250)"
2026-09-02T10:35:07,real,052460,아이크래프트,buy,"고점 대비 하락 + 최근3일 저점 대비 반등 확인 (고점 8610 대비 -44.0%, 저점 4610 대비 반등 +4.7%, 현재가 4825)"
2026-09-02T10:35:08,real,033160,엠케이전자,buy,"고점 대비 하락 + 최근3일 저점 대비 반등 확인 (고점 19350 대비 -24.2%, 저점 12820 대비 반등 +14.4%, 현재가 14660)"
2026-09-02T10:35:09,real,210120,캔버스엔,hold,"하락폭은 충족하지만 아직 반등 확인 안 됨 (최근3일 저점 1706 대비 +2.7%, 기준 +3.0% 이상 필요)"
2026-09-02T10:35:11,real,261520,이지스,buy,"고점 대비 하락 + 최근3일 저점 대비 반등 확인 (고점 5480 대비 -19.6%, 저점 4035 대비 반등 +9.2%, 현재가 4405)"
2026-09-02T10:35:11,real,054940,엑사이엔씨,buy,"고점 대비 하락 + 최근3일 저점 대비 반등 확인 (고점 4970 대비 -16.4%, 저점 3330 대비 반등 +24.8%, 현재가 4155)"
2026-09-02T10:45:07,real,052460,아이크래프트,buy,"고점 대비 하락 + 최근3일 저점 대비 반등 확인 (고점 8610 대비 -44.1%, 저점 4610 대비 반등 +4.3%, 현재가 4810)"
2026-09-02T10:45:08,real,033160,엠케이전자,buy,"고점 대비 하락 + 최근3일 저점 대비 반등 확인 (고점 19350 대비 -24.7%, 저점 12820 대비 반등 +13.7%, 현재가 14570)"
2026-09-02T10:45:09,real,210120,캔버스엔,buy,"고점 대비 하락 + 최근3일 저점 대비 반등 확인 (고점 2200 대비 -18.9%, 저점 1706 대비 반등 +4.6%, 현재가 1785)"
2026-09-02T10:45:11,real,261520,이지스,buy,"고점 대비 하락 + 최근3일 저점 대비 반등 확인 (고점 5480 대비 -19.5%, 저점 4035 대비 반등 +9.3%, 현재가 4410)"
2026-09-02T10:45:12,real,054940,엑사이엔씨,buy,"고점 대비 하락 + 최근3일 저점 대비 반등 확인 (고점 4970 대비 -15.3%, 저점 3330 대비 반등 +26.4%, 현재가 4210)"
2026-09-02T10:55:07,real,052460,아이크래프트,buy,"고점 대비 하락 + 최근3일 저점 대비 반등 확인 (고점 8610 대비 -44.3%, 저점 4610 대비 반등 +4.1%, 현재가 4800)"
2026-09-02T10:55:08,real,033160,엠케이전자,buy,"고점 대비 하락 + 최근3일 저점 대비 반등 확인 (고점 19350 대비 -25.2%, 저점 12820 대비 반등 +12.9%, 현재가 14470)"
2026-09-02T10:55:09,real,210120,캔버스엔,buy,"고점 대비 하락 + 최근3일 저점 대비 반등 확인 (고점 2200 대비 -16.5%, 저점 1706 대비 반등 +7.7%, 현재가 1838)"
2026-09-02T10:55:11,real,261520,이지스,buy,"고점 대비 하락 + 최근3일 저점 대비 반등 확인 (고점 5480 대비 -18.8%, 저점 4035 대비 반등 +10.3%, 현재가 4450)"
2026-09-02T10:55:12,real,054940,엑사이엔씨,buy,"고점 대비 하락 + 최근3일 저점 대비 반등 확인 (고점 4970 대비 -17.0%, 저점 3330 대비 반등 +23.9%, 현재가 4125)"
2026-09-02T11:05:07,real,052460,아이크래프트,buy,"고점 대비 하락 + 최근3일 저점 대비 반등 확인 (고점 8610 대비 -43.9%, 저점 4610 대비 반등 +4.8%, 현재가 4830)"
2026-09-02T11:05:08,real,033160,엠케이전자,buy,"고점 대비 하락 + 최근3일 저점 대비 반등 확인 (고점 19350 대비 -24.8%, 저점 12820 대비 반등 +13.6%, 현재가 14560)"
2026-09-02T11:05:09,real,210120,캔버스엔,buy,"고점 대비 하락 + 최근3일 저점 대비 반등 확인 (고점 2200 대비 -17.7%, 저점 1706 대비 반등 +6.1%, 현재가 1810)"
2026-09-02T11:05:11,real,261520,이지스,buy,"고점 대비 하락 + 최근3일 저점 대비 반등 확인 (고점 5480 대비 -19.8%, 저점 4035 대비 반등 +8.9%, 현재가 4395)"
2026-09-02T11:05:12,real,054940,엑사이엔씨,buy,"고점 대비 하락 + 최근3일 저점 대비 반등 확인 (고점 4970 대비 -15.5%, 저점 3330 대비 반등 +26.1%, 현재가 4200)"
2026-09-02T11:15:07,real,052460,아이크래프트,buy,"고점 대비 하락 + 최근3일 저점 대비 반등 확인 (고점 8610 대비 -44.0%, 저점 4610 대비 반등 +4.7%, 현재가 4825)"
2026-09-02T11:15:08,real,033160,엠케이전자,buy,"고점 대비 하락 + 최근3일 저점 대비 반등 확인 (고점 19350 대비 -24.4%, 저점 12820 대비 반등 +14.1%, 현재가 14630)"
2026-09-02T11:15:10,real,210120,캔버스엔,buy,"고점 대비 하락 + 최근3일 저점 대비 반등 확인 (고점 2200 대비 -18.6%, 저점 1706 대비 반등 +5.0%, 현재가 1791)"
2026-09-02T11:15:11,real,261520,이지스,buy,"고점 대비 하락 + 최근3일 저점 대비 반등 확인 (고점 5480 대비 -19.6%, 저점 4035 대비 반등 +9.2%, 현재가 4405)"
2026-09-02T11:15:12,real,054940,엑사이엔씨,buy,"고점 대비 하락 + 최근3일 저점 대비 반등 확인 (고점 4970 대비 -16.8%, 저점 3330 대비 반등 +24.2%, 현재가 4135)"
2026-09-02T11:25:06,real,052460,아이크래프트,buy,"고점 대비 하락 + 최근3일 저점 대비 반등 확인 (고점 8610 대비 -43.7%, 저점 4610 대비 반등 +5.1%, 현재가 4845)"
2026-09-02T11:25:07,real,033160,엠케이전자,buy,"고점 대비 하락 + 최근3일 저점 대비 반등 확인 (고점 19350 대비 -23.9%, 저점 12820 대비 반등 +14.8%, 현재가 14720)"
2026-09-02T11:25:09,real,210120,캔버스엔,buy,"고점 대비 하락 + 최근3일 저점 대비 반등 확인 (고점 2200 대비 -18.8%, 저점 1706 대비 반등 +4.7%, 현재가 1787)"
2026-09-02T11:25:10,real,261520,이지스,buy,"고점 대비 하락 + 최근3일 저점 대비 반등 확인 (고점 5480 대비 -19.6%, 저점 4035 대비 반등 +9.2%, 현재가 4405)"
2026-09-02T11:25:11,real,054940,엑사이엔씨,buy,"고점 대비 하락 + 최근3일 저점 대비 반등 확인 (고점 4970 대비 -16.5%, 저점 3330 대비 반등 +24.6%, 현재가 4150)"
2026-09-02T11:35:07,real,052460,아이크래프트,buy,"고점 대비 하락 + 최근3일 저점 대비 반등 확인 (고점 8610 대비 -43.9%, 저점 4610 대비 반등 +4.8%, 현재가 4830)"
2026-09-02T11:35:08,real,033160,엠케이전자,buy,"고점 대비 하락 + 최근3일 저점 대비 반등 확인 (고점 19350 대비 -24.4%, 저점 12820 대비 반등 +14.0%, 현재가 14620)"
2026-09-02T11:35:09,real,210120,캔버스엔,buy,"고점 대비 하락 + 최근3일 저점 대비 반등 확인 (고점 2200 대비 -19.3%, 저점 1706 대비 반등 +4.0%, 현재가 1775)"
2026-09-02T11:35:11,real,261520,이지스,buy,"고점 대비 하락 + 최근3일 저점 대비 반등 확인 (고점 5480 대비 -19.1%, 저점 4035 대비 반등 +9.9%, 현재가 4435)"
2026-09-02T11:35:12,real,054940,엑사이엔씨,buy,"고점 대비 하락 + 최근3일 저점 대비 반등 확인 (고점 4970 대비 -17.3%, 저점 3330 대비 반등 +23.4%, 현재가 4110)"
2026-09-02T11:45:06,real,052460,아이크래프트,buy,"고점 대비 하락 + 최근3일 저점 대비 반등 확인 (고점 8610 대비 -43.7%, 저점 4610 대비 반등 +5.1%, 현재가 4845)"
2026-09-02T11:45:08,real,033160,엠케이전자,buy,"고점 대비 하락 + 최근3일 저점 대비 반등 확인 (고점 19350 대비 -24.8%, 저점 12820 대비 반등 +13.6%, 현재가 14560)"
2026-09-02T11:45:09,real,210120,캔버스엔,buy,"고점 대비 하락 + 최근3일 저점 대비 반등 확인 (고점 2200 대비 -19.5%, 저점 1706 대비 반등 +3.8%, 현재가 1771)"
2026-09-02T11:45:11,real,261520,이지스,buy,"고점 대비 하락 + 최근3일 저점 대비 반등 확인 (고점 5480 대비 -19.1%, 저점 4035 대비 반등 +9.9%, 현재가 4435)"
2026-09-02T11:45:12,real,054940,엑사이엔씨,buy,"고점 대비 하락 + 최근3일 저점 대비 반등 확인 (고점 4970 대비 -17.2%, 저점 3330 대비 반등 +23.6%, 현재가 4115)"
2026-09-02T11:55:08,real,052460,아이크래프트,buy,"고점 대비 하락 + 최근3일 저점 대비 반등 확인 (고점 8610 대비 -43.6%, 저점 4610 대비 반등 +5.4%, 현재가 4860)"
2026-09-02T11:55:09,real,033160,엠케이전자,buy,"고점 대비 하락 + 최근3일 저점 대비 반등 확인 (고점 19350 대비 -24.7%, 저점 12820 대비 반등 +13.7%, 현재가 14580)"
2026-09-02T11:55:11,real,210120,캔버스엔,buy,"고점 대비 하락 + 최근3일 저점 대비 반등 확인 (고점 2200 대비 -19.2%, 저점 1706 대비 반등 +4.2%, 현재가 1777)"
2026-09-02T11:55:12,real,261520,이지스,buy,"고점 대비 하락 + 최근3일 저점 대비 반등 확인 (고점 5480 대비 -18.9%, 저점 4035 대비 반등 +10.2%, 현재가 4445)"
2026-09-02T11:55:13,real,054940,엑사이엔씨,buy,"고점 대비 하락 + 최근3일 저점 대비 반등 확인 (고점 4970 대비 -17.4%, 저점 3330 대비 반등 +23.3%, 현재가 4105)"
2026-09-02T12:05:07,real,052460,아이크래프트,buy,"고점 대비 하락 + 최근3일 저점 대비 반등 확인 (고점 8610 대비 -43.6%, 저점 4610 대비 반등 +5.3%, 현재가 4855)"
2026-09-02T12:05:08,real,033160,엠케이전자,buy,"고점 대비 하락 + 최근3일 저점 대비 반등 확인 (고점 19350 대비 -24.7%, 저점 12820 대비 반등 +13.7%, 현재가 14570)"
2026-09-02T12:05:09,real,210120,캔버스엔,buy,"고점 대비 하락 + 최근3일 저점 대비 반등 확인 (고점 2200 대비 -19.1%, 저점 1706 대비 반등 +4.3%, 현재가 1779)"
2026-09-02T12:05:11,real,261520,이지스,buy,"고점 대비 하락 + 최근3일 저점 대비 반등 확인 (고점 5480 대비 -19.3%, 저점 4035 대비 반등 +9.5%, 현재가 4420)"
2026-09-02T12:05:12,real,054940,엑사이엔씨,buy,"고점 대비 하락 + 최근3일 저점 대비 반등 확인 (고점 4970 대비 -17.3%, 저점 3330 대비 반등 +23.4%, 현재가 4110)"
2026-09-02T12:15:07,real,052460,아이크래프트,buy,"고점 대비 하락 + 최근3일 저점 대비 반등 확인 (고점 8610 대비 -43.7%, 저점 4610 대비 반등 +5.1%, 현재가 4845)"
2026-09-02T12:15:08,real,033160,엠케이전자,buy,"고점 대비 하락 + 최근3일 저점 대비 반등 확인 (고점 19350 대비 -25.1%, 저점 12820 대비 반등 +13.0%, 현재가 14490)"
2026-09-02T12:15:09,real,210120,캔버스엔,buy,"고점 대비 하락 + 최근3일 저점 대비 반등 확인 (고점 2200 대비 -19.8%, 저점 1706 대비 반등 +3.5%, 현재가 1765)"
2026-09-02T12:15:11,real,261520,이지스,buy,"고점 대비 하락 + 최근3일 저점 대비 반등 확인 (고점 5480 대비 -19.5%, 저점 4035 대비 반등 +9.3%, 현재가 4410)"
2026-09-02T12:15:12,real,054940,엑사이엔씨,buy,"고점 대비 하락 + 최근3일 저점 대비 반등 확인 (고점 4970 대비 -18.3%, 저점 3330 대비 반등 +21.9%, 현재가 4060)"
2026-09-02T12:25:08,real,052460,아이크래프트,buy,"고점 대비 하락 + 최근3일 저점 대비 반등 확인 (고점 8610 대비 -43.8%, 저점 4610 대비 반등 +4.9%, 현재가 4835)"
2026-09-02T12:25:09,real,033160,엠케이전자,buy,"고점 대비 하락 + 최근3일 저점 대비 반등 확인 (고점 19350 대비 -25.2%, 저점 12820 대비 반등 +12.9%, 현재가 14480)"
2026-09-02T12:25:11,real,210120,캔버스엔,buy,"고점 대비 하락 + 최근3일 저점 대비 반등 확인 (고점 2200 대비 -20.1%, 저점 1706 대비 반등 +3.0%, 현재가 1758)"
2026-09-02T12:25:12,real,261520,이지스,buy,"고점 대비 하락 + 최근3일 저점 대비 반등 확인 (고점 5480 대비 -19.3%, 저점 4035 대비 반등 +9.5%, 현재가 4420)"
2026-09-02T12:25:13,real,054940,엑사이엔씨,buy,"고점 대비 하락 + 최근3일 저점 대비 반등 확인 (고점 4970 대비 -18.8%, 저점 3330 대비 반등 +21.2%, 현재가 4035)"
2026-09-02T12:35:07,real,052460,아이크래프트,buy,"고점 대비 하락 + 최근3일 저점 대비 반등 확인 (고점 8610 대비 -43.9%, 저점 4610 대비 반등 +4.8%, 현재가 4830)"
2026-09-02T12:35:08,real,033160,엠케이전자,buy,"고점 대비 하락 + 최근3일 저점 대비 반등 확인 (고점 19350 대비 -25.4%, 저점 12820 대비 반등 +12.6%, 현재가 14430)"
2026-09-02T12:35:10,real,210120,캔버스엔,buy,"고점 대비 하락 + 최근3일 저점 대비 반등 확인 (고점 2200 대비 -19.2%, 저점 1706 대비 반등 +4.2%, 현재가 1778)"
2026-09-02T12:35:11,real,261520,이지스,buy,"고점 대비 하락 + 최근3일 저점 대비 반등 확인 (고점 5480 대비 -19.8%, 저점 4035 대비 반등 +8.9%, 현재가 4395)"
2026-09-02T12:35:12,real,054940,엑사이엔씨,buy,"고점 대비 하락 + 최근3일 저점 대비 반등 확인 (고점 4970 대비 -18.2%, 저점 3330 대비 반등 +22.1%, 현재가 4065)"
2026-09-02T12:45:07,real,052460,아이크래프트,buy,"고점 대비 하락 + 최근3일 저점 대비 반등 확인 (고점 8610 대비 -44.4%, 저점 4610 대비 반등 +3.9%, 현재가 4790)"
2026-09-02T12:45:08,real,033160,엠케이전자,buy,"고점 대비 하락 + 최근3일 저점 대비 반등 확인 (고점 19350 대비 -25.5%, 저점 12820 대비 반등 +12.4%, 현재가 14410)"
2026-09-02T12:45:10,real,210120,캔버스엔,buy,"고점 대비 하락 + 최근3일 저점 대비 반등 확인 (고점 2200 대비 -20.0%, 저점 1706 대비 반등 +3.2%, 현재가 1761)"
2026-09-02T12:45:11,real,261520,이지스,buy,"고점 대비 하락 + 최근3일 저점 대비 반등 확인 (고점 5480 대비 -19.8%, 저점 4035 대비 반등 +8.9%, 현재가 4395)"
2026-09-02T12:45:12,real,054940,엑사이엔씨,buy,"고점 대비 하락 + 최근3일 저점 대비 반등 확인 (고점 4970 대비 -18.7%, 저점 3330 대비 반등 +21.3%, 현재가 4040)"
2026-09-02T12:55:08,real,052460,아이크래프트,buy,"고점 대비 하락 + 최근3일 저점 대비 반등 확인 (고점 8610 대비 -44.2%, 저점 4610 대비 반등 +4.2%, 현재가 4805)"
2026-09-02T12:55:08,real,033160,엠케이전자,buy,"고점 대비 하락 + 최근3일 저점 대비 반등 확인 (고점 19350 대비 -25.9%, 저점 12820 대비 반등 +11.9%, 현재가 14340)"
2026-09-02T12:55:10,real,210120,캔버스엔,buy,"고점 대비 하락 + 최근3일 저점 대비 반등 확인 (고점 2200 대비 -20.0%, 저점 1706 대비 반등 +3.2%, 현재가 1761)"
2026-09-02T12:55:12,real,261520,이지스,buy,"고점 대비 하락 + 최근3일 저점 대비 반등 확인 (고점 5480 대비 -20.1%, 저점 4035 대비 반등 +8.6%, 현재가 4380)"
2026-09-02T12:55:13,real,054940,엑사이엔씨,buy,"고점 대비 하락 + 최근3일 저점 대비 반등 확인 (고점 4970 대비 -19.1%, 저점 3330 대비 반등 +20.7%, 현재가 4020)"
2026-09-02T14:32:40,real,052460,아이크래프트,buy,"고점 대비 하락 + 최근3일 저점 대비 반등 확인 (고점 8610 대비 -44.7%, 저점 4610 대비 반등 +3.4%, 현재가 4765)"
2026-09-02T14:32:41,real,033160,엠케이전자,buy,"고점 대비 하락 + 최근3일 저점 대비 반등 확인 (고점 19350 대비 -24.7%, 저점 12820 대비 반등 +13.7%, 현재가 14580)"
2026-09-02T14:32:42,real,210120,캔버스엔,sell,손절 라인 도달: 종목 -7.2% - 코스피 -0.5% = 상대 -6.7% (기준 -3.9%)
2026-09-02T14:33:16,real,261520,이지스,buy,"고점 대비 하락 + 최근3일 저점 대비 반등 확인 (고점 5480 대비 -19.7%, 저점 4035 대비 반등 +9.0%, 현재가 4400)"
2026-09-02T14:33:17,real,054940,엑사이엔씨,buy,"고점 대비 하락 + 최근3일 저점 대비 반등 확인 (고점 4970 대비 -19.3%, 저점 3330 대비 반등 +20.4%, 현재가 4010)"
2026-09-02T14:42:40,real,052460,아이크래프트,hold,"하락폭은 충족하지만 아직 반등 확인 안 됨 (최근3일 저점 4610 대비 +2.8%, 기준 +3.0% 이상 필요)"
2026-09-02T14:42:40,real,033160,엠케이전자,buy,"고점 대비 하락 + 최근3일 저점 대비 반등 확인 (고점 19350 대비 -25.0%, 저점 12820 대비 반등 +13.2%, 현재가 14510)"
2026-09-02T14:42:42,real,179900,유티아이,hold,"하락폭은 충족하지만 아직 반등 확인 안 됨 (최근3일 저점 2155 대비 +1.2%, 기준 +3.0% 이상 필요)"
2026-09-02T14:42:43,real,261520,이지스,buy,"고점 대비 하락 + 최근3일 저점 대비 반등 확인 (고점 5480 대비 -20.3%, 저점 4035 대비 반등 +8.3%, 현재가 4370)"
2026-09-02T14:42:45,real,054940,엑사이엔씨,buy,"고점 대비 하락 + 최근3일 저점 대비 반등 확인 (고점 4970 대비 -19.7%, 저점 3330 대비 반등 +19.8%, 현재가 3990)"
2026-09-02T14:52:50,real,052460,아이크래프트,hold,"하락폭은 충족하지만 아직 반등 확인 안 됨 (최근3일 저점 4610 대비 +1.8%, 기준 +3.0% 이상 필요)"
2026-09-02T14:52:52,real,033160,엠케이전자,buy,"고점 대비 하락 + 최근3일 저점 대비 반등 확인 (고점 19350 대비 -24.4%, 저점 12820 대비 반등 +14.1%, 현재가 14630)"
2026-09-02T14:52:55,real,179900,유티아이,hold,"하락폭은 충족하지만 아직 반등 확인 안 됨 (최근3일 저점 2155 대비 +0.2%, 기준 +3.0% 이상 필요)"
2026-09-02T14:52:58,real,261520,이지스,buy,"고점 대비 하락 + 최근3일 저점 대비 반등 확인 (고점 5480 대비 -20.3%, 저점 4035 대비 반등 +8.2%, 현재가 4365)"
2026-09-02T14:53:02,real,054940,엑사이엔씨,buy,"고점 대비 하락 + 최근3일 저점 대비 반등 확인 (고점 4970 대비 -20.0%, 저점 3330 대비 반등 +19.4%, 현재가 3975)"
2026-09-02T15:02:40,real,052460,아이크래프트,hold,"하락폭은 충족하지만 아직 반등 확인 안 됨 (최근3일 저점 4610 대비 +1.7%, 기준 +3.0% 이상 필요)"
2026-09-02T15:02:41,real,033160,엠케이전자,buy,"고점 대비 하락 + 최근3일 저점 대비 반등 확인 (고점 19350 대비 -25.0%, 저점 12820 대비 반등 +13.3%, 현재가 14520)"
2026-09-02T15:02:42,real,179900,유티아이,hold,"하락폭은 충족하지만 아직 반등 확인 안 됨 (최근3일 저점 2155 대비 +0.7%, 기준 +3.0% 이상 필요)"
2026-09-02T15:02:43,real,261520,이지스,buy,"고점 대비 하락 + 최근3일 저점 대비 반등 확인 (고점 5480 대비 -20.8%, 저점 4035 대비 반등 +7.6%, 현재가 4340)"
2026-09-02T15:02:45,real,054940,엑사이엔씨,buy,"고점 대비 하락 + 최근3일 저점 대비 반등 확인 (고점 4970 대비 -19.5%, 저점 3330 대비 반등 +20.1%, 현재가 4000)"
2026-09-02T15:12:39,real,052460,아이크래프트,hold,"하락폭은 충족하지만 아직 반등 확인 안 됨 (최근3일 저점 4610 대비 +2.0%, 기준 +3.0% 이상 필요)"
2026-09-02T15:13:04,real,033160,엠케이전자,buy,"고점 대비 하락 + 최근3일 저점 대비 반등 확인 (고점 19350 대비 -25.4%, 저점 12820 대비 반등 +12.6%, 현재가 14440)"
2026-09-02T15:13:05,real,179900,유티아이,hold,"하락폭은 충족하지만 아직 반등 확인 안 됨 (최근3일 저점 2155 대비 +0.0%, 기준 +3.0% 이상 필요)"
2026-09-02T15:13:06,real,261520,이지스,buy,"고점 대비 하락 + 최근3일 저점 대비 반등 확인 (고점 5480 대비 -19.3%, 저점 4035 대비 반등 +9.7%, 현재가 4425)"
2026-09-02T15:13:07,real,054940,엑사이엔씨,buy,"고점 대비 하락 + 최근3일 저점 대비 반등 확인 (고점 4970 대비 -19.7%, 저점 3330 대비 반등 +19.8%, 현재가 3990)"
2026-09-02T15:13:16,real,054940,엑사이엔씨,sell,장마감 전 일일 정리 매도
2026-09-02T15:13:22,real,261520,이지스,sell,장마감 전 일일 정리 매도
2026-09-03T10:32:50,real,179900,유티아이,hold,"하락폭은 충족하지만 아직 반등 확인 안 됨 (최근3일 저점 2145 대비 +0.9%, 기준 +3.0% 이상 필요)"
2026-09-03T10:32:52,real,417030,니어스랩,hold,"데이터 부족 (최소 20일 필요, 현재 9일)"
2026-09-03T10:32:52,real,417030,니어스랩,hold,"데이터 부족 (최소 20일 필요, 현재 9일)"
2026-09-03T10:32:54,real,004770,써니전자,buy,"고점 대비 하락 + 최근3일 저점 대비 반등 확인 (고점 2590 대비 -23.2%, 저점 1831 대비 반등 +8.7%, 현재가 1990)"
2026-09-03T10:32:54,real,004770,써니전자,buy,"고점 대비 하락 + 최근3일 저점 대비 반등 확인 (고점 2590 대비 -23.2%, 저점 1831 대비 반등 +8.7%, 현재가 1990)"
2026-09-03T10:33:11,real,950200,소마젠,buy,"고점 대비 하락 + 최근3일 저점 대비 반등 확인 (고점 4690 대비 -24.1%, 저점 3335 대비 반등 +6.7%, 현재가 3560)"
2026-09-03T10:33:16,real,950200,소마젠,buy,"고점 대비 하락 + 최근3일 저점 대비 반등 확인 (고점 4690 대비 -24.1%, 저점 3335 대비 반등 +6.7%, 현재가 3560)"
2026-09-03T10:33:29,real,328380,솔트웨어,buy,"고점 대비 하락 + 최근3일 저점 대비 반등 확인 (고점 5490 대비 -26.2%, 저점 3900 대비 반등 +3.8%, 현재가 4050)"
2026-09-03T10:33:34,real,328380,솔트웨어,buy,"고점 대비 하락 + 최근3일 저점 대비 반등 확인 (고점 5490 대비 -26.2%, 저점 3900 대비 반등 +3.8%, 현재가 4050)"
2026-09-03T10:37:20,real,004770,써니전자,sell,"손절 라인 도달: 종목당 손실액 -17,664원 (기준 -16,000원)"
2026-09-03T10:42:42,real,179900,유티아이,hold,"하락폭은 충족하지만 아직 반등 확인 안 됨 (최근3일 저점 2145 대비 +0.7%, 기준 +3.0% 이상 필요)"
2026-09-03T10:42:45,real,417030,니어스랩,hold,"데이터 부족 (최소 20일 필요, 현재 9일)"
2026-09-03T10:42:48,real,175250,아이큐어,buy,"고점 대비 하락 + 최근3일 저점 대비 반등 확인 (고점 3300 대비 -21.2%, 저점 2330 대비 반등 +11.6%, 현재가 2600)"
2026-09-03T10:43:06,real,950200,소마젠,buy,"고점 대비 하락 + 최근3일 저점 대비 반등 확인 (고점 4690 대비 -25.1%, 저점 3335 대비 반등 +5.4%, 현재가 3515)"
2026-09-03T10:43:08,real,328380,솔트웨어,buy,"고점 대비 하락 + 최근3일 저점 대비 반등 확인 (고점 5490 대비 -26.4%, 저점 3900 대비 반등 +3.6%, 현재가 4040)"
2026-09-03T10:52:41,real,179900,유티아이,hold,"하락폭은 충족하지만 아직 반등 확인 안 됨 (최근3일 저점 2105 대비 +0.2%, 기준 +3.0% 이상 필요)"
2026-09-03T10:52:43,real,417030,니어스랩,hold,"데이터 부족 (최소 20일 필요, 현재 9일)"
2026-09-03T10:52:46,real,175250,아이큐어,buy,"고점 대비 하락 + 최근3일 저점 대비 반등 확인 (고점 3300 대비 -20.6%, 저점 2330 대비 반등 +12.4%, 현재가 2620)"
2026-09-03T10:52:49,real,950200,소마젠,buy,"고점 대비 하락 + 최근3일 저점 대비 반등 확인 (고점 4690 대비 -24.0%, 저점 3335 대비 반등 +6.9%, 현재가 3565)"
2026-09-03T10:52:51,real,328380,솔트웨어,buy,"고점 대비 하락 + 최근3일 저점 대비 반등 확인 (고점 5490 대비 -25.8%, 저점 3900 대비 반등 +4.5%, 현재가 4075)"
2026-09-03T11:02:41,real,179900,유티아이,hold,"하락폭은 충족하지만 아직 반등 확인 안 됨 (최근3일 저점 2080 대비 +0.7%, 기준 +3.0% 이상 필요)"
2026-09-03T11:02:43,real,417030,니어스랩,hold,"데이터 부족 (최소 20일 필요, 현재 9일)"
2026-09-03T11:02:46,real,175250,아이큐어,buy,"고점 대비 하락 + 최근3일 저점 대비 반등 확인 (고점 3300 대비 -19.8%, 저점 2330 대비 반등 +13.5%, 현재가 2645)"
2026-09-03T11:02:49,real,950200,소마젠,buy,"고점 대비 하락 + 최근3일 저점 대비 반등 확인 (고점 4690 대비 -25.1%, 저점 3335 대비 반등 +5.4%, 현재가 3515)"
2026-09-03T11:02:51,real,328380,솔트웨어,buy,"고점 대비 하락 + 최근3일 저점 대비 반등 확인 (고점 5490 대비 -26.0%, 저점 3900 대비 반등 +4.1%, 현재가 4060)"
2026-09-03T11:12:40,real,179900,유티아이,hold,"하락폭은 충족하지만 아직 반등 확인 안 됨 (최근3일 저점 2080 대비 +1.2%, 기준 +3.0% 이상 필요)"
2026-09-03T11:13:17,real,417030,니어스랩,hold,"데이터 부족 (최소 20일 필요, 현재 9일)"
2026-09-03T11:13:57,real,175250,아이큐어,buy,"고점 대비 하락 + 최근3일 저점 대비 반등 확인 (고점 3300 대비 -19.7%, 저점 2330 대비 반등 +13.7%, 현재가 2650)"
2026-09-03T11:14:00,real,950200,소마젠,buy,"고점 대비 하락 + 최근3일 저점 대비 반등 확인 (고점 4690 대비 -24.9%, 저점 3335 대비 반등 +5.5%, 현재가 3520)"
2026-09-03T11:14:03,real,328380,솔트웨어,buy,"고점 대비 하락 + 최근3일 저점 대비 반등 확인 (고점 5490 대비 -25.5%, 저점 3900 대비 반등 +4.9%, 현재가 4090)"
2026-09-03T11:22:40,real,310210,보로노이,hold,"하락폭은 충족하지만 아직 반등 확인 안 됨 (최근3일 저점 151700 대비 +0.5%, 기준 +3.0% 이상 필요)"
2026-09-03T11:22:42,real,376900,로킷헬스케어,buy,"고점 대비 하락 + 최근3일 저점 대비 반등 확인 (고점 38700 대비 -29.1%, 저점 24200 대비 반등 +13.4%, 현재가 27450)"
2026-09-03T11:22:45,real,175250,아이큐어,buy,"고점 대비 하락 + 최근3일 저점 대비 반등 확인 (고점 3300 대비 -19.5%, 저점 2330 대비 반등 +13.9%, 현재가 2655)"
2026-09-03T11:22:48,real,950200,소마젠,buy,"고점 대비 하락 + 최근3일 저점 대비 반등 확인 (고점 4690 대비 -25.7%, 저점 3335 대비 반등 +4.5%, 현재가 3485)"
2026-09-03T11:22:50,real,328380,솔트웨어,buy,"고점 대비 하락 + 최근3일 저점 대비 반등 확인 (고점 5490 대비 -25.1%, 저점 3900 대비 반등 +5.4%, 현재가 4110)"
2026-09-03T14:51:07,real,310210,보로노이,hold,"하락폭은 충족하지만 아직 반등 확인 안 됨 (최근3일 저점 147100 대비 +1.4%, 기준 +3.0% 이상 필요)"
2026-09-03T14:51:08,real,376900,로킷헬스케어,buy,"고점 대비 하락 + 최근3일 저점 대비 반등 확인 (고점 38700 대비 -34.5%, 저점 24200 대비 반등 +4.8%, 현재가 25350)"
2026-09-03T14:51:09,real,175250,아이큐어,sell,손절 라인 도달: 종목 -9.4% - 코스피 -1.2% = 상대 -8.2% (기준 -3.8%)
2026-09-03T14:51:39,real,950200,소마젠,buy,"고점 대비 하락 + 최근3일 저점 대비 반등 확인 (고점 4690 대비 -25.4%, 저점 3335 대비 반등 +4.9%, 현재가 3500)"
2026-09-03T14:51:40,real,328380,솔트웨어,hold,"하락폭은 충족하지만 아직 반등 확인 안 됨 (최근3일 저점 3900 대비 +1.3%, 기준 +3.0% 이상 필요)"
2026-09-03T15:00:08,real,950200,소마젠,sell,"손절 라인 도달: 종목당 손실액 -23,740원 (기준 -16,000원)"
2026-09-03T15:01:13,real,310210,보로노이,hold,"하락폭은 충족하지만 아직 반등 확인 안 됨 (최근3일 저점 147100 대비 +1.1%, 기준 +3.0% 이상 필요)"
2026-09-03T15:01:14,real,376900,로킷헬스케어,buy,"고점 대비 하락 + 최근3일 저점 대비 반등 확인 (고점 38700 대비 -34.2%, 저점 24200 대비 반등 +5.2%, 현재가 25450)"
2026-09-03T15:01:22,real,0155E0,해치텍,hold,"데이터 부족 (최소 20일 필요, 현재 8일)"
2026-09-03T15:01:23,real,084730,팅크웨어,hold,"하락폭은 충족하지만 아직 반등 확인 안 됨 (최근3일 저점 6240 대비 +1.0%, 기준 +3.0% 이상 필요)"
2026-09-03T15:01:24,real,328380,솔트웨어,hold,"하락폭은 충족하지만 아직 반등 확인 안 됨 (최근3일 저점 3900 대비 +2.7%, 기준 +3.0% 이상 필요)"
2026-09-03T15:11:07,real,310210,보로노이,hold,"하락폭은 충족하지만 아직 반등 확인 안 됨 (최근3일 저점 147100 대비 +0.6%, 기준 +3.0% 이상 필요)"
2026-09-03T15:11:08,real,376900,로킷헬스케어,buy,"고점 대비 하락 + 최근3일 저점 대비 반등 확인 (고점 38700 대비 -34.5%, 저점 24200 대비 반등 +4.8%, 현재가 25350)"
2026-09-03T15:11:10,real,0155E0,해치텍,hold,"데이터 부족 (최소 20일 필요, 현재 8일)"
2026-09-03T15:11:10,real,084730,팅크웨어,hold,"하락폭은 충족하지만 아직 반등 확인 안 됨 (최근3일 저점 6240 대비 +1.0%, 기준 +3.0% 이상 필요)"
2026-09-03T15:11:12,real,328380,솔트웨어,hold,"하락폭은 충족하지만 아직 반등 확인 안 됨 (최근3일 저점 3900 대비 +1.0%, 기준 +3.0% 이상 필요)"
2026-09-03T15:11:18,real,376900,로킷헬스케어,sell,장마감 전 일일 정리 매도
2026-09-04T10:30:24,real,0155E0,해치텍,hold,"데이터 부족 (최소 20일 필요, 현재 9일)"
2026-09-04T10:30:26,real,084730,팅크웨어,hold,하락폭은 충족하지만 아직 반등 확인 안 됨 (최근3일 저점 대비 반등 +0.6%)
2026-09-04T10:30:28,real,310210,보로노이,hold,하락폭은 충족하지만 아직 반등 확인 안 됨 (최근3일 저점 대비 반등 +1.1%)
2026-09-04T10:30:30,real,373170,엠아이큐브솔루션,hold,하락폭은 충족하지만 아직 반등 확인 안 됨 (최근3일 저점 대비 반등 +0.2%)
2026-09-04T10:30:33,real,014950,삼익제약,hold,하락폭은 충족하지만 아직 반등 확인 안 됨 (최근3일 저점 대비 반등 +1.5%)
2026-09-04T10:40:16,real,0155E0,해치텍,hold,"데이터 부족 (최소 20일 필요, 현재 9일)"
2026-09-04T10:40:18,real,084730,팅크웨어,hold,하락폭은 충족하지만 아직 반등 확인 안 됨 (최근3일 저점 대비 반등 +1.1%)
2026-09-04T10:40:20,real,310210,보로노이,hold,하락폭은 충족하지만 아직 반등 확인 안 됨 (최근3일 저점 대비 반등 +1.3%)
2026-09-04T10:40:23,real,373170,엠아이큐브솔루션,hold,하락폭은 충족하지만 아직 반등 확인 안 됨 (최근3일 저점 대비 반등 +1.7%)
2026-09-04T10:40:25,real,014950,삼익제약,buy,"고점 대비 하락 + 최근3일 저점 대비 반등 +4.0% (고점 7000 대비 -18.1%, 저점 5510, 현재가 5730)"
2026-09-04T10:50:16,real,0155E0,해치텍,hold,"데이터 부족 (최소 20일 필요, 현재 9일)"
2026-09-04T10:50:18,real,084730,팅크웨어,hold,하락폭은 충족하지만 아직 반등 확인 안 됨 (최근3일 저점 대비 반등 +1.0%)
2026-09-04T10:50:20,real,310210,보로노이,hold,하락폭은 충족하지만 아직 반등 확인 안 됨 (최근3일 저점 대비 반등 +2.1%)
2026-09-04T10:50:23,real,373170,엠아이큐브솔루션,buy,"고점 대비 하락 + 최근3일 저점 대비 반등 +3.2% (고점 2870 대비 -26.1%, 저점 2055, 현재가 2120)"
2026-09-04T10:50:40,real,0220W0,한화머시너리앤서비스홀딩스,hold,"데이터 부족 (최소 20일 필요, 현재 9일)"
2026-09-04T11:00:18,real,0155E0,해치텍,hold,"데이터 부족 (최소 20일 필요, 현재 9일)"
2026-09-04T11:00:21,real,084730,팅크웨어,hold,하락폭은 충족하지만 아직 반등 확인 안 됨 (최근3일 저점 대비 반등 +1.6%)
2026-09-04T11:00:23,real,310210,보로노이,hold,하락폭은 충족하지만 아직 반등 확인 안 됨 (최근3일 저점 대비 반등 +2.7%)
2026-09-04T11:00:27,real,373170,엠아이큐브솔루션,buy,"고점 대비 하락 + 최근3일 저점 대비 반등 +3.2% (고점 2870 대비 -26.1%, 저점 2055, 현재가 2120)"
2026-09-04T11:00:29,real,0220W0,한화머시너리앤서비스홀딩스,hold,"데이터 부족 (최소 20일 필요, 현재 9일)"
2026-09-04T11:10:16,real,0155E0,해치텍,hold,"데이터 부족 (최소 20일 필요, 현재 9일)"
2026-09-04T11:10:18,real,084730,팅크웨어,hold,하락폭은 충족하지만 아직 반등 확인 안 됨 (최근3일 저점 대비 반등 +2.8%)
2026-09-04T11:10:20,real,310210,보로노이,buy,"고점 대비 하락 + 최근3일 저점 대비 반등 +3.1% (고점 186400 대비 -19.7%, 저점 145100, 현재가 149600)"
2026-09-04T11:10:25,real,373170,엠아이큐브솔루션,hold,하락폭은 충족하지만 아직 반등 확인 안 됨 (최근3일 저점 대비 반등 +1.2%)
2026-09-04T11:10:27,real,0220W0,한화머시너리앤서비스홀딩스,hold,"데이터 부족 (최소 20일 필요, 현재 9일)"
2026-09-04T11:20:18,real,0155E0,해치텍,hold,"데이터 부족 (최소 20일 필요, 현재 9일)"
2026-09-04T11:20:58,real,084730,팅크웨어,hold,하락폭은 충족하지만 아직 반등 확인 안 됨 (최근3일 저점 대비 반등 +2.3%)
2026-09-04T11:21:41,real,373170,엠아이큐브솔루션,hold,하락폭은 충족하지만 아직 반등 확인 안 됨 (최근3일 저점 대비 반등 +2.7%)
2026-09-04T11:21:43,real,0220W0,한화머시너리앤서비스홀딩스,hold,"데이터 부족 (최소 20일 필요, 현재 9일)"
2026-09-04T11:30:18,real,417030,니어스랩,hold,"데이터 부족 (최소 20일 필요, 현재 10일)"
2026-09-04T11:30:21,real,007460,에이프로젠,buy,"고점 대비 하락 + 최근3일 저점 대비 반등 +15.1% (고점 3250 대비 -27.4%, 저점 2050, 현재가 2360)"
2026-09-04T11:30:28,real,373170,엠아이큐브솔루션,hold,하락폭은 충족하지만 아직 반등 확인 안 됨 (최근3일 저점 대비 반등 +1.9%)
2026-09-04T11:30:31,real,0220W0,한화머시너리앤서비스홀딩스,hold,"데이터 부족 (최소 20일 필요, 현재 9일)"
2026-09-04T11:40:15,real,417030,니어스랩,hold,"데이터 부족 (최소 20일 필요, 현재 10일)"
2026-09-04T11:40:22,real,373170,엠아이큐브솔루션,hold,하락폭은 충족하지만 아직 반등 확인 안 됨 (최근3일 저점 대비 반등 +1.0%)
2026-09-04T11:40:24,real,0220W0,한화머시너리앤서비스홀딩스,hold,"데이터 부족 (최소 20일 필요, 현재 9일)"
2026-09-04T11:50:15,real,417030,니어스랩,hold,"데이터 부족 (최소 20일 필요, 현재 10일)"
2026-09-04T11:50:21,real,373170,엠아이큐브솔루션,sell,손절 라인 도달: 종목 -3.5% - 코스피 +0.3% = 상대 -3.8% (기준 -3.7%)
2026-09-04T11:51:13,real,386380,스카이랩스,hold,"데이터 부족 (최소 20일 필요, 현재 1일)"
2026-09-04T12:00:18,real,417030,니어스랩,hold,"데이터 부족 (최소 20일 필요, 현재 10일)"
2026-09-04T12:00:25,real,115180,큐리언트,buy,"고점 대비 하락 + 최근3일 저점 대비 반등 +13.9% (고점 29350 대비 -26.9%, 저점 18830, 현재가 21450)"
2026-09-04T12:00:27,real,386380,스카이랩스,hold,"데이터 부족 (최소 20일 필요, 현재 1일)"
2026-09-04T12:10:17,real,417030,니어스랩,hold,"데이터 부족 (최소 20일 필요, 현재 10일)"
2026-09-04T12:10:23,real,115180,큐리언트,buy,"고점 대비 하락 + 최근3일 저점 대비 반등 +14.7% (고점 29350 대비 -26.4%, 저점 18830, 현재가 21600)"
2026-09-04T12:10:25,real,386380,스카이랩스,hold,"데이터 부족 (최소 20일 필요, 현재 1일)"
2026-09-04T12:20:10,real,417030,니어스랩,hold,"데이터 부족 (최소 20일 필요, 현재 10일)"
2026-09-04T12:20:31,real,115180,큐리언트,buy,"고점 대비 하락 + 최근3일 저점 대비 반등 +14.2% (고점 29350 대비 -26.7%, 저점 18830, 현재가 21500)"
2026-09-04T12:20:32,real,386380,스카이랩스,hold,"데이터 부족 (최소 20일 필요, 현재 1일)"
2026-09-04T12:30:08,real,127120,제이에스링크,buy,"고점 대비 하락 + 최근3일 저점 대비 반등 +13.0% (고점 43500 대비 -23.9%, 저점 29300, 현재가 33100)"
2026-09-04T12:30:09,real,007460,에이프로젠,buy,"고점 대비 하락 + 최근3일 저점 대비 반등 +9.3% (고점 3250 대비 -31.1%, 저점 2050, 현재가 2240)"
2026-09-04T12:30:11,real,115180,큐리언트,buy,"고점 대비 하락 + 최근3일 저점 대비 반등 +14.7% (고점 29350 대비 -26.4%, 저점 18830, 현재가 21600)"
2026-09-04T12:30:12,real,386380,스카이랩스,hold,"데이터 부족 (최소 20일 필요, 현재 1일)"
2026-09-04T12:40:07,real,127120,제이에스링크,buy,"고점 대비 하락 + 최근3일 저점 대비 반등 +12.8% (고점 43500 대비 -24.0%, 저점 29300, 현재가 33050)"
2026-09-04T12:40:08,real,007460,에이프로젠,buy,"고점 대비 하락 + 최근3일 저점 대비 반등 +7.1% (고점 3250 대비 -32.5%, 저점 2050, 현재가 2195)"
2026-09-04T12:40:10,real,115180,큐리언트,buy,"고점 대비 하락 + 최근3일 저점 대비 반등 +15.5% (고점 29350 대비 -25.9%, 저점 18830, 현재가 21750)"
2026-09-04T12:40:11,real,386380,스카이랩스,hold,"데이터 부족 (최소 20일 필요, 현재 1일)"
2026-09-04T12:50:09,real,127120,제이에스링크,buy,"고점 대비 하락 + 최근3일 저점 대비 반등 +16.0% (고점 43500 대비 -21.8%, 저점 29300, 현재가 34000)"
2026-09-04T12:50:10,real,007460,에이프로젠,buy,"고점 대비 하락 + 최근3일 저점 대비 반등 +8.3% (고점 3250 대비 -31.7%, 저점 2050, 현재가 2220)"
2026-09-04T12:50:12,real,115180,큐리언트,buy,"고점 대비 하락 + 최근3일 저점 대비 반등 +17.9% (고점 29350 대비 -24.4%, 저점 18830, 현재가 22200)"
2026-09-04T12:50:13,real,417030,니어스랩,hold,"데이터 부족 (최소 20일 필요, 현재 10일)"
2026-09-04T13:00:07,real,127120,제이에스링크,buy,"고점 대비 하락 + 최근3일 저점 대비 반등 +19.1% (고점 43500 대비 -19.8%, 저점 29300, 현재가 34900)"
2026-09-04T13:00:09,real,007460,에이프로젠,buy,"고점 대비 하락 + 최근3일 저점 대비 반등 +8.5% (고점 3250 대비 -31.5%, 저점 2050, 현재가 2225)"
2026-09-04T13:00:11,real,115180,큐리언트,buy,"고점 대비 하락 + 최근3일 저점 대비 반등 +20.6% (고점 29350 대비 -22.7%, 저점 18830, 현재가 22700)"
2026-09-04T13:00:12,real,417030,니어스랩,hold,"데이터 부족 (최소 20일 필요, 현재 10일)"
2026-09-04T13:20:07,real,127120,제이에스링크,buy,"고점 대비 하락 + 최근3일 저점 대비 반등 +15.2% (고점 43500 대비 -22.4%, 저점 29300, 현재가 33750)"
2026-09-04T13:20:08,real,007460,에이프로젠,buy,"고점 대비 하락 + 최근3일 저점 대비 반등 +7.8% (고점 3250 대비 -32.0%, 저점 2050, 현재가 2210)"
2026-09-04T13:20:10,real,115180,큐리언트,buy,"고점 대비 하락 + 최근3일 저점 대비 반등 +19.5% (고점 29350 대비 -23.3%, 저점 18830, 현재가 22500)"
2026-09-04T13:20:11,real,417030,니어스랩,hold,"데이터 부족 (최소 20일 필요, 현재 10일)"
2026-09-04T13:30:08,real,127120,제이에스링크,buy,"고점 대비 하락 + 최근3일 저점 대비 반등 +13.8% (고점 43500 대비 -23.3%, 저점 29300, 현재가 33350)"
2026-09-04T13:30:09,real,007460,에이프로젠,buy,"고점 대비 하락 + 최근3일 저점 대비 반등 +7.6% (고점 3250 대비 -32.2%, 저점 2050, 현재가 2205)"
2026-09-04T13:30:11,real,115180,큐리언트,buy,"고점 대비 하락 + 최근3일 저점 대비 반등 +17.6% (고점 29350 대비 -24.5%, 저점 18830, 현재가 22150)"
2026-09-04T13:30:12,real,417030,니어스랩,hold,"데이터 부족 (최소 20일 필요, 현재 10일)"
2026-09-04T13:40:07,real,127120,제이에스링크,buy,"고점 대비 하락 + 최근3일 저점 대비 반등 +14.8% (고점 43500 대비 -22.6%, 저점 29300, 현재가 33650)"
2026-09-04T13:40:08,real,007460,에이프로젠,buy,"고점 대비 하락 + 최근3일 저점 대비 반등 +9.0% (고점 3250 대비 -31.2%, 저점 2050, 현재가 2235)"
2026-09-04T13:40:10,real,115180,큐리언트,buy,"고점 대비 하락 + 최근3일 저점 대비 반등 +19.5% (고점 29350 대비 -23.3%, 저점 18830, 현재가 22500)"
2026-09-04T13:40:11,real,417030,니어스랩,hold,"데이터 부족 (최소 20일 필요, 현재 10일)"
2026-09-04T13:50:09,real,127120,제이에스링크,buy,"고점 대비 하락 + 최근3일 저점 대비 반등 +15.4% (고점 43500 대비 -22.3%, 저점 29300, 현재가 33800)"
2026-09-04T13:50:10,real,007460,에이프로젠,buy,"고점 대비 하락 + 최근3일 저점 대비 반등 +8.0% (고점 3250 대비 -31.8%, 저점 2050, 현재가 2215)"
2026-09-04T13:50:12,real,115180,큐리언트,buy,"고점 대비 하락 + 최근3일 저점 대비 반등 +22.1% (고점 29350 대비 -21.6%, 저점 18830, 현재가 23000)"
2026-09-04T13:50:13,real,417030,니어스랩,hold,"데이터 부족 (최소 20일 필요, 현재 10일)"
2026-09-04T14:00:07,real,127120,제이에스링크,buy,"고점 대비 하락 + 최근3일 저점 대비 반등 +15.5% (고점 43500 대비 -22.2%, 저점 29300, 현재가 33850)"
2026-09-04T14:00:08,real,007460,에이프로젠,buy,"고점 대비 하락 + 최근3일 저점 대비 반등 +7.1% (고점 3250 대비 -32.5%, 저점 2050, 현재가 2195)"
2026-09-04T14:00:10,real,115180,큐리언트,buy,"고점 대비 하락 + 최근3일 저점 대비 반등 +22.1% (고점 29350 대비 -21.6%, 저점 18830, 현재가 23000)"
2026-09-04T14:00:11,real,386380,스카이랩스,hold,"데이터 부족 (최소 20일 필요, 현재 1일)"
2026-09-04T14:10:07,real,127120,제이에스링크,buy,"고점 대비 하락 + 최근3일 저점 대비 반등 +15.0% (고점 43500 대비 -22.5%, 저점 29300, 현재가 33700)"
2026-09-04T14:10:08,real,007460,에이프로젠,buy,"고점 대비 하락 + 최근3일 저점 대비 반등 +7.3% (고점 3250 대비 -32.3%, 저점 2050, 현재가 2200)"
2026-09-04T14:10:10,real,115180,큐리언트,buy,"고점 대비 하락 + 최근3일 저점 대비 반등 +20.8% (고점 29350 대비 -22.5%, 저점 18830, 현재가 22750)"
2026-09-04T14:10:11,real,386380,스카이랩스,hold,"데이터 부족 (최소 20일 필요, 현재 1일)"
2026-09-04T14:20:10,real,127120,제이에스링크,buy,"고점 대비 하락 + 최근3일 저점 대비 반등 +16.2% (고점 43500 대비 -21.7%, 저점 29300, 현재가 34050)"
2026-09-04T14:20:11,real,007460,에이프로젠,buy,"고점 대비 하락 + 최근3일 저점 대비 반등 +6.6% (고점 3250 대비 -32.8%, 저점 2050, 현재가 2185)"
2026-09-04T14:20:13,real,115180,큐리언트,buy,"고점 대비 하락 + 최근3일 저점 대비 반등 +21.9% (고점 29350 대비 -21.8%, 저점 18830, 현재가 22950)"
2026-09-04T14:20:14,real,386380,스카이랩스,hold,"데이터 부족 (최소 20일 필요, 현재 1일)"
2026-09-04T14:30:08,real,127120,제이에스링크,buy,"고점 대비 하락 + 최근3일 저점 대비 반등 +16.4% (고점 43500 대비 -21.6%, 저점 29300, 현재가 34100)"
2026-09-04T14:30:09,real,007460,에이프로젠,buy,"고점 대비 하락 + 최근3일 저점 대비 반등 +6.1% (고점 3250 대비 -33.1%, 저점 2050, 현재가 2175)"
2026-09-04T14:30:11,real,115180,큐리언트,buy,"고점 대비 하락 + 최근3일 저점 대비 반등 +23.2% (고점 29350 대비 -21.0%, 저점 18830, 현재가 23200)"
2026-09-04T14:30:12,real,386380,스카이랩스,hold,"데이터 부족 (최소 20일 필요, 현재 1일)"
2026-09-04T14:40:08,real,127120,제이에스링크,buy,"고점 대비 하락 + 최근3일 저점 대비 반등 +15.7% (고점 43500 대비 -22.1%, 저점 29300, 현재가 33900)"
2026-09-04T14:40:09,real,007460,에이프로젠,buy,"고점 대비 하락 + 최근3일 저점 대비 반등 +6.6% (고점 3250 대비 -32.8%, 저점 2050, 현재가 2185)"
2026-09-04T14:40:11,real,115180,큐리언트,buy,"고점 대비 하락 + 최근3일 저점 대비 반등 +20.0% (고점 29350 대비 -23.0%, 저점 18830, 현재가 22600)"
2026-09-04T14:40:12,real,386380,스카이랩스,hold,"데이터 부족 (최소 20일 필요, 현재 1일)"
2026-09-04T14:50:07,real,127120,제이에스링크,buy,"고점 대비 하락 + 최근3일 저점 대비 반등 +14.5% (고점 43500 대비 -22.9%, 저점 29300, 현재가 33550)"
2026-09-04T14:50:08,real,007460,에이프로젠,buy,"고점 대비 하락 + 최근3일 저점 대비 반등 +5.9% (고점 3250 대비 -33.2%, 저점 2050, 현재가 2170)"
2026-09-04T14:50:10,real,115180,큐리언트,buy,"고점 대비 하락 + 최근3일 저점 대비 반등 +20.8% (고점 29350 대비 -22.5%, 저점 18830, 현재가 22750)"
2026-09-04T14:50:11,real,386380,스카이랩스,hold,"데이터 부족 (최소 20일 필요, 현재 1일)"
2026-09-04T15:00:07,real,127120,제이에스링크,buy,"고점 대비 하락 + 최근3일 저점 대비 반등 +14.3% (고점 43500 대비 -23.0%, 저점 29300, 현재가 33500)"
2026-09-04T15:00:08,real,007460,에이프로젠,buy,"고점 대비 하락 + 최근3일 저점 대비 반등 +5.9% (고점 3250 대비 -33.2%, 저점 2050, 현재가 2170)"
2026-09-04T15:00:10,real,115180,큐리언트,buy,"고점 대비 하락 + 최근3일 저점 대비 반등 +20.8% (고점 29350 대비 -22.5%, 저점 18830, 현재가 22750)"
2026-09-04T15:00:11,real,003060,에이프로젠바이오로직스,buy,"고점 대비 하락 + 최근3일 저점 대비 반등 +6.1% (고점 2455 대비 -26.1%, 저점 1709, 현재가 1814)"
2026-09-04T15:10:07,real,127120,제이에스링크,buy,"고점 대비 하락 + 최근3일 저점 대비 반등 +15.2% (고점 43500 대비 -22.4%, 저점 29300, 현재가 33750)"
2026-09-04T15:10:08,real,007460,에이프로젠,buy,"고점 대비 하락 + 최근3일 저점 대비 반등 +5.9% (고점 3250 대비 -33.2%, 저점 2050, 현재가 2170)"
2026-09-04T15:10:10,real,115180,큐리언트,buy,"고점 대비 하락 + 최근3일 저점 대비 반등 +20.8% (고점 29350 대비 -22.5%, 저점 18830, 현재가 22750)"
2026-09-04T15:10:11,real,003060,에이프로젠바이오로직스,buy,"고점 대비 하락 + 최근3일 저점 대비 반등 +6.6% (고점 2455 대비 -25.8%, 저점 1709, 현재가 1821)"
