timestamp,kosdaq_prsn_ntby_qty,kosdaq_frgn_ntby_qty,kosdaq_orgn_ntby_qty
2026-09-02T09:05:08,124,,
2026-09-02T09:15:04,1814,,
2026-09-02T09:25:04,2210,,
2026-09-02T09:35:05,2037,,
2026-09-02T09:45:04,3167,,
2026-09-02T09:55:04,4097,,
2026-09-02T10:05:04,5142,,
2026-09-02T10:15:04,5193,,
2026-09-02T10:25:06,5345,,
2026-09-02T10:35:04,5785,,
2026-09-02T10:45:04,6177,,
2026-09-02T10:55:04,6672,,
2026-09-02T11:05:04,6635,,
2026-09-02T11:15:04,5810,,
2026-09-02T11:25:04,5384,,
2026-09-02T11:35:04,6438,,
2026-09-02T11:45:04,7415,,
2026-09-02T11:55:06,7505,,
2026-09-02T12:05:04,7981,,
2026-09-02T12:15:04,8132,,
2026-09-02T12:25:06,8625,,
2026-09-02T12:35:05,9179,,
2026-09-02T12:45:05,9196,,
2026-09-02T12:55:05,9399,,
2026-09-02T14:32:37,8785,,
2026-09-02T14:42:37,8957,,
2026-09-02T14:52:44,8166,,
2026-09-02T15:02:37,8643,,
2026-09-02T15:12:37,8418,,
2026-09-03T10:32:44,7937,-8200,133
2026-09-03T10:32:44,7937,-8200,133
2026-09-03T10:42:37,7641,-7917,183
2026-09-03T10:52:36,8308,-8601,154
2026-09-03T11:02:36,9314,-9648,121
2026-09-03T11:12:35,9381,-9842,225
2026-09-03T11:22:35,9017,-9539,193
2026-09-03T14:51:05,13396,-14045,23
2026-09-03T15:01:10,13220,-13720,-212
2026-09-03T15:11:04,12866,-13296,-344
2026-09-04T10:30:17,2663,-1106,-1134
2026-09-04T10:40:11,2328,-771,-1160
2026-09-04T10:50:10,2034,-387,-1233
2026-09-04T11:00:12,1258,403,-1247
2026-09-04T11:10:10,-324,2032,-1214
2026-09-04T11:20:13,-1300,2973,-1147
2026-09-04T11:30:11,-1376,2998,-1117
2026-09-04T11:40:09,-1224,2744,-1046
2026-09-04T11:50:10,-2467,3902,-954
2026-09-04T12:00:12,-3083,4479,-924
2026-09-04T12:10:12,-3482,4769,-819
2026-09-04T12:20:08,-3413,4623,-745
2026-09-04T12:30:05,-3267,4437,-723
2026-09-04T12:40:05,-3816,4931,-657
2026-09-04T12:50:06,-4244,5302,-636
2026-09-04T13:00:05,-4663,5523,-612
2026-09-04T13:20:04,-4493,5334,-540
2026-09-04T13:30:05,-4506,5402,-625
2026-09-04T13:40:05,-4802,5641,-571
2026-09-04T13:50:06,-5132,5907,-525
2026-09-04T14:00:05,-5678,6379,-485
2026-09-04T14:10:05,-6020,6674,-460
2026-09-04T14:20:07,-6789,7344,-397
2026-09-04T14:30:05,-6953,7495,-415
2026-09-04T14:40:05,-7435,7857,-396
2026-09-04T14:50:04,-7457,7854,-518
2026-09-04T15:00:05,-8001,8345,-540
2026-09-04T15:10:04,-8253,8616,-537
2026-09-07T19:50:52,14272,-9136,-5571
2026-09-08T09:05:05,16,424,-360
2026-09-08T09:15:04,-377,1030,-614
2026-09-08T09:25:06,865,-253,-747
2026-09-08T09:35:06,1569,-860,-970
2026-09-08T09:45:03,4383,-3384,-1417
2026-09-08T09:55:03,4470,-3247,-1591
2026-09-08T10:05:06,6722,-5430,-1712
2026-09-08T10:15:04,4976,-3611,-1817
2026-09-08T10:25:05,4808,-3033,-2225
2026-09-08T10:35:03,5054,-3155,-2362
2026-09-08T10:45:03,6103,-4127,-2497
2026-09-08T10:55:03,6526,-4435,-2622
2026-09-08T11:05:03,6419,-4224,-2710
2026-09-08T11:15:03,6261,-3923,-2803
2026-09-08T11:25:03,6342,-3987,-2880
2026-09-08T11:35:03,5951,-3577,-2909
2026-09-08T11:45:03,6412,-4014,-3010
2026-09-08T11:55:03,6840,-4390,-3107
2026-09-08T12:05:03,7204,-4752,-3169
2026-09-08T12:15:03,6764,-4272,-3235
2026-09-08T12:25:03,6733,-4211,-3321
2026-09-08T12:35:03,6879,-4401,-3332
2026-09-08T12:45:05,7250,-4719,-3421
2026-09-08T12:55:03,7621,-4943,-3542
2026-09-08T13:05:03,8341,-5548,-3699
2026-09-08T13:15:03,8255,-5475,-3724
2026-09-08T13:25:03,8050,-5240,-3790
2026-09-08T13:35:03,7818,-4942,-3851
2026-09-08T13:45:03,7934,-5124,-3823
2026-09-08T13:55:03,8115,-5313,-3828
2026-09-08T14:05:03,8439,-5583,-3892
2026-09-08T14:15:03,9197,-6024,-4282
2026-09-08T14:25:03,9133,-6125,-4238
2026-09-08T14:35:03,9688,-6692,-4321
2026-09-08T14:45:06,10105,-7273,-4327
2026-09-08T14:55:03,11067,-8473,-4412
2026-09-08T15:05:05,11691,-9190,-4509
2026-09-08T15:15:03,11502,-9023,-4674
2026-09-08T15:25:04,12166,-9516,-4960
2026-09-09T09:05:07,-4532,4875,-201
2026-09-09T09:15:08,-7508,7963,-215
2026-09-09T09:25:06,-6179,6611,-198
2026-09-09T09:35:04,-3175,3585,-126
2026-09-09T09:45:08,-3885,4405,-67
2026-09-09T09:55:06,-4190,4687,8
2026-09-09T10:05:06,-4851,5419,-40
2026-09-09T10:15:06,-4548,5125,14
2026-09-09T10:25:04,-3998,4583,-39
2026-09-14T09:05:08,1274,-553,-595
2026-09-14T09:15:03,1006,-183,-706
2026-09-14T09:25:03,1198,-503,-599
2026-09-14T09:35:04,2567,-1948,-539
2026-09-14T09:45:07,4305,-3832,-443
2026-09-14T09:55:04,4468,-4034,-355
2026-09-14T10:05:08,5002,-4686,-325
2026-09-14T10:15:04,5818,-5565,-226
2026-09-14T10:25:04,6519,-6367,-214
2026-09-14T10:35:04,6624,-6466,-213
2026-09-14T10:45:04,6473,-6317,-126
2026-09-14T10:55:04,6381,-6196,-104
2026-09-14T11:05:06,5899,-5709,-103
2026-09-14T11:15:04,5366,-5174,-70
2026-09-14T11:25:05,4403,-4282,-12
2026-09-14T11:35:08,4042,-3949,59
2026-09-14T11:45:04,3878,-3896,185
2026-09-14T11:55:04,3795,-3870,249
2026-09-14T12:05:05,3884,-4029,319
2026-09-14T12:15:03,2989,-3310,507
2026-09-14T12:25:03,3087,-3459,596
2026-09-14T12:35:03,3630,-4085,656
2026-09-14T12:45:03,4060,-4605,706
2026-09-14T12:55:04,4033,-4694,794
2026-09-14T13:05:03,4202,-4871,904
2026-09-14T13:15:03,3908,-4711,989
2026-09-14T13:25:03,4396,-5402,1039
2026-09-14T13:35:04,4621,-5727,970
2026-09-14T13:45:04,4899,-6073,929
2026-09-14T13:55:04,5246,-6378,843
2026-09-14T14:05:04,5442,-6554,774
2026-09-14T14:15:04,5625,-6860,788
2026-09-14T14:25:03,6474,-7888,855
2026-09-14T14:35:04,6363,-7813,815
2026-09-14T14:45:04,6091,-7728,822
2026-09-14T14:55:04,5678,-7645,952
2026-09-14T15:05:08,4941,-7324,1202
2026-09-14T15:15:05,4405,-7063,1303
2026-09-14T15:25:03,3759,-6830,1360
2026-09-15T09:41:19,-346,-386,599
2026-09-15T09:51:14,-186,-724,825
2026-09-15T10:01:15,-993,-310,1121
2026-09-15T10:11:14,-2244,681,1365
2026-09-15T10:21:15,-4477,2538,1789
2026-09-15T10:31:16,-4983,2675,2129
2026-09-15T10:41:15,-5102,2530,2389
2026-09-15T10:51:15,-5331,2503,2661
2026-09-15T11:01:14,-5887,3019,2702
2026-09-15T11:11:15,-6182,3227,2818
2026-09-15T11:21:14,-6279,3223,2904
2026-09-15T11:31:15,-6344,3224,2971
2026-09-15T11:41:14,-6406,3163,3053
2026-09-15T11:51:15,-6147,2810,3131
2026-09-15T12:01:15,-6106,2499,3411
2026-09-15T12:11:15,-7078,3331,3564
2026-09-15T12:21:17,-7669,3852,3640
2026-09-15T12:31:14,-7633,3657,3775
2026-09-15T12:41:18,-7560,3432,3913
2026-09-15T12:51:17,-7222,2918,4084
2026-09-15T13:01:14,-6966,2595,4131
2026-09-15T13:11:17,-7058,2512,4305
2026-09-15T13:21:15,-6956,2262,4428
2026-09-15T13:31:17,-6298,1433,4579
2026-09-15T13:41:15,-6356,1302,4746
2026-09-15T13:51:15,-6649,1427,4972
2026-09-15T14:01:15,-6002,700,5051
2026-09-15T14:11:15,-5387,-242,5167
2026-09-15T14:21:15,-5271,-583,5347
2026-09-15T14:31:17,-5408,-543,5371
2026-09-15T14:41:15,-5483,-330,5274
2026-09-15T14:51:15,-6532,472,5423
2026-09-15T15:01:17,-6761,530,5521
2026-09-15T15:11:18,-6196,-176,5577
2026-09-15T15:21:14,-6756,34,5691
2026-09-16T11:56:37,4252,-3406,-886
2026-09-16T12:06:33,3925,-2994,-1006
2026-09-16T12:16:33,3697,-2719,-1049
2026-09-16T12:26:33,3815,-2824,-1056
2026-09-16T12:36:35,3660,-2682,-1079
2026-09-16T12:46:34,4126,-3141,-1132
2026-09-16T12:56:32,3854,-2848,-1153
2026-09-16T13:06:32,3828,-2813,-1203
2026-09-16T13:16:33,3646,-2673,-1189
2026-09-16T13:26:32,3662,-2744,-1141
2026-09-16T13:36:33,3651,-2726,-1176
2026-09-16T13:46:32,4034,-3178,-1170
2026-09-16T13:56:32,4442,-3548,-1192
2026-09-16T14:06:32,5056,-4076,-1358
2026-09-16T14:16:33,5186,-4163,-1444
2026-09-16T14:26:32,4812,-3698,-1517
2026-09-16T14:36:32,4424,-3338,-1505
2026-09-16T14:46:32,4072,-3023,-1501
2026-09-16T14:56:32,3867,-2865,-1476
2026-09-16T15:06:33,3648,-2743,-1354
2026-09-16T15:16:32,3092,-2310,-1328
2026-09-16T15:26:32,2287,-1694,-1342
2026-09-17T09:05:19,498,-515,10
2026-09-17T09:15:20,1857,-1938,150
2026-09-17T09:25:17,1673,-1712,145
2026-09-17T09:35:18,2566,-2592,140
2026-09-17T09:45:17,3944,-3996,143
2026-09-17T09:55:17,5300,-5385,162
2026-09-17T10:05:17,5280,-5473,206
2026-09-17T10:15:19,4462,-4632,218
2026-09-17T10:25:17,3728,-3950,314
2026-09-17T10:35:17,3224,-3516,368
2026-09-17T10:45:16,3182,-3534,400
2026-09-17T10:55:17,3613,-4026,413
2026-09-17T11:05:16,3635,-4054,436
2026-09-17T11:25:17,4271,-4902,437
2026-09-17T11:35:17,4308,-4996,488
2026-09-17T11:45:16,4401,-5184,549
2026-09-17T11:55:16,4301,-5087,539
2026-09-17T12:05:17,4026,-4819,557
2026-09-17T12:15:22,3696,-4535,590
2026-09-17T12:25:17,3628,-4518,631
2026-09-17T12:35:17,3595,-4509,671
2026-09-17T12:45:15,3310,-4237,688
2026-09-17T12:55:15,3034,-3959,714
2026-09-17T13:05:15,1898,-2947,868
2026-09-17T13:15:21,1786,-2773,897
2026-09-17T13:25:15,1510,-2601,910
2026-09-17T13:35:15,1940,-3060,911
2026-09-17T13:45:16,1734,-2878,891
2026-09-17T13:55:15,1368,-2579,937
2026-09-17T14:05:15,1126,-2399,986
2026-09-17T14:15:15,1143,-2481,1030
2026-09-17T14:25:16,1532,-3018,1063
2026-09-17T14:35:16,1598,-2930,1099
2026-09-17T14:45:17,1495,-3011,1236
2026-09-17T14:55:16,1048,-2783,1408
2026-09-17T15:05:17,933,-2879,1540
2026-09-17T15:15:19,780,-2922,1642
2026-09-17T15:25:15,614,-2920,1694
2026-09-18T09:05:08,-962,1088,-5
2026-09-18T09:15:09,-3097,3393,-61
2026-09-18T09:25:07,-3857,4056,57
2026-09-18T09:35:07,-5962,6134,112
2026-09-18T09:45:07,-5679,5764,171
2026-09-18T09:55:11,-4950,4888,280
2026-09-18T10:05:07,-5110,4764,364
2026-09-18T10:15:07,-4656,4159,521
2026-09-18T10:25:07,-5280,4677,610
2026-09-18T10:35:07,-5975,5285,696
2026-09-18T10:45:11,-7353,6514,819
2026-09-18T10:55:07,-6765,5896,838
2026-09-18T11:05:07,-6730,5737,968
2026-09-18T11:15:07,-6817,5660,1077
2026-09-18T11:25:07,-6475,5196,1181
2026-09-18T11:35:07,-6441,4924,1301
2026-09-18T11:45:07,-7249,5602,1435
2026-09-18T11:55:07,-7631,5835,1576
2026-09-18T12:05:09,-7147,5051,1717
2026-09-18T12:15:07,-6341,4176,1847
2026-09-18T12:25:07,-5424,3203,1862
2026-09-18T12:35:07,-5504,3214,1918
2026-09-18T12:45:07,-5792,3286,2005
2026-09-18T12:55:07,-5911,3261,2092
2026-09-18T13:05:07,-5417,2574,2229
2026-09-18T13:15:07,-5234,2289,2313
2026-09-18T13:25:08,-5129,2064,2430
2026-09-18T13:35:09,-5265,2070,2529
2026-09-18T13:45:08,-5410,2158,2587
2026-09-18T13:55:06,-5853,2494,2660
2026-09-18T14:05:08,-5444,2027,2702
2026-09-18T14:15:07,-5227,1685,2828
2026-09-18T14:25:07,-5280,1584,2936
2026-09-18T14:35:07,-5134,1245,2964
2026-09-18T14:45:07,-5208,1156,3048
2026-09-18T14:55:07,-5572,1332,3119
2026-09-18T15:05:07,-5669,1294,3216
2026-09-18T15:15:07,-5457,884,3333
2026-09-18T15:25:07,-5854,964,3437
2026-09-21T09:05:08,3508,-2513,-767
2026-09-21T09:15:07,5865,-4599,-976
2026-09-21T09:25:08,5456,-4013,-1142
2026-09-21T09:35:08,5424,-4048,-1039
2026-09-21T09:45:09,5768,-4427,-1060
2026-09-21T09:55:11,5721,-4474,-976
2026-09-21T10:05:07,5267,-4164,-735
2026-09-21T10:15:11,4814,-3815,-643
2026-09-21T10:25:09,4932,-4044,-554
2026-09-21T10:35:07,5304,-4376,-564
2026-09-21T10:45:09,5926,-5124,-423
2026-09-21T10:55:07,6816,-6015,-407
2026-09-21T11:05:07,7855,-7004,-423
2026-09-21T11:15:09,7688,-6848,-370
2026-09-21T11:25:07,7900,-7126,-285
2026-09-21T11:35:08,8067,-7293,-268
2026-09-21T11:45:07,8248,-7531,-214
2026-09-21T11:55:09,8680,-7990,-202
2026-09-21T12:05:07,9578,-8817,-245
2026-09-21T12:15:08,10315,-9534,-237
2026-09-21T12:25:09,10552,-9773,-217
2026-09-21T12:35:08,10949,-10170,-225
2026-09-21T12:45:09,11417,-10440,-312
2026-09-21T12:55:08,11833,-10692,-462
2026-09-21T13:05:07,12413,-10994,-778
2026-09-21T13:15:08,13173,-11801,-792
2026-09-21T13:25:11,13553,-12146,-843
2026-09-21T13:35:07,14369,-13000,-866
2026-09-21T13:45:08,14926,-13578,-892
2026-09-21T13:55:08,15561,-14263,-865
2026-09-21T14:05:07,15956,-14674,-894
2026-09-21T14:15:07,16387,-15085,-986
2026-09-21T14:25:07,16039,-14739,-1056
2026-09-21T14:35:10,16095,-14791,-1128
2026-09-21T14:45:08,15919,-14752,-1138
2026-09-21T14:55:08,15825,-14819,-1074
2026-09-21T15:05:07,15407,-14691,-1002
2026-09-21T15:15:07,15284,-14751,-830
2026-09-21T15:25:08,14951,-14688,-611
2026-09-22T09:05:10,8382,-1936,-6157
2026-09-22T09:15:06,10357,-2914,-7181
2026-09-22T09:25:06,10516,-2998,-7284
2026-09-22T09:35:08,10852,-3292,-7405
2026-09-22T09:45:06,11609,-3829,-7616
2026-09-22T09:55:07,11401,-3298,-7855
2026-09-22T10:05:08,10142,-1809,-8070
2026-09-22T10:15:08,9822,-1347,-8118
2026-09-22T10:25:08,10059,-1538,-8161
2026-09-22T10:35:06,10414,-1736,-8251
2026-09-22T10:45:06,10764,-1903,-8320
2026-09-22T10:55:08,10605,-1677,-8374
2026-09-22T11:05:08,10946,-1960,-8450
2026-09-22T11:15:08,11644,-2654,-8548
2026-09-22T11:25:06,12003,-2993,-8587
2026-09-22T11:35:06,12565,-3346,-8656
2026-09-22T11:45:06,12651,-3408,-8696
2026-09-22T11:55:08,12931,-3695,-8710
2026-09-22T12:05:06,13306,-4041,-8755
2026-09-22T12:15:06,13449,-4115,-8835
2026-09-22T12:25:06,13937,-4505,-8937
2026-09-22T12:35:07,14477,-4927,-9048
2026-09-22T12:45:08,15128,-5499,-9112
2026-09-22T12:55:06,16002,-6356,-9117
2026-09-22T13:05:06,17548,-7722,-9235
2026-09-22T13:15:08,18611,-8754,-9288
2026-09-22T13:25:06,19036,-9108,-9377
2026-09-22T13:35:06,19095,-9027,-9434
2026-09-22T13:45:06,19386,-9403,-9461
2026-09-22T13:55:06,19898,-9869,-9587
2026-09-22T14:05:08,19880,-9854,-9637
2026-09-22T14:15:06,19738,-9695,-9759
2026-09-22T14:25:06,20351,-10347,-9857
2026-09-22T14:35:06,20146,-10009,-9972
2026-09-22T14:45:06,19537,-9358,-10123
2026-09-22T14:55:08,18965,-8861,-10194
2026-09-22T15:05:07,18912,-8785,-10326
2026-09-22T15:15:10,19258,-9035,-10501
2026-09-22T15:25:06,19286,-9102,-10583
