timestamp,kospi,kosdaq
2026-08-28T10:25:10,6846.83,831.90
2026-08-28T10:35:09,6844.95,831.30
2026-08-28T10:45:11,6823.13,830.31
2026-08-28T10:55:11,6831.21,830.78
2026-08-28T11:05:09,6843.91,833.73
2026-08-28T11:15:09,6841.49,834.73
2026-08-28T11:25:09,6844.76,836.39
2026-08-28T11:35:09,6833.51,835.45
2026-08-28T11:45:09,6831.46,834.63
2026-08-28T11:55:09,6830.35,834.31
2026-08-28T12:05:09,6843.84,835.62
2026-08-28T12:15:12,6842.18,836.22
2026-08-28T12:25:09,6838.12,836.09
2026-08-28T12:35:09,6836.97,836.36
2026-08-28T12:45:09,6816.28,835.16
2026-08-28T12:55:09,6844.86,836.71
2026-08-28T13:05:08,6826.11,836.97
2026-08-28T13:15:09,6841.16,837.94
2026-08-28T13:25:09,6834.07,838.13
2026-08-28T13:35:09,6821.94,837.96
2026-08-28T13:45:09,6825.53,839.32
2026-08-28T13:55:08,6824.46,839.99
2026-08-28T14:05:08,6819.15,838.23
2026-08-28T14:15:09,6804.57,835.70
2026-08-28T14:25:08,6801.06,835.73
2026-08-28T14:35:09,6796.10,837.39
2026-08-28T14:45:09,6787.79,834.81
2026-08-28T14:55:12,6791.85,836.06
2026-08-28T15:05:11,6788.37,837.32
2026-08-28T15:15:11,6796.98,838.09
2026-08-31T09:05:17,6558.38,805.43
2026-08-31T09:15:13,6622.07,812.30
2026-08-31T09:25:11,6680.58,816.04
2026-08-31T09:35:09,6701.10,820.53
2026-08-31T09:45:11,6688.21,819.61
2026-08-31T09:55:10,6677.22,816.85
2026-08-31T10:05:12,6621.54,809.96
2026-08-31T10:15:14,6622.72,809.08
2026-08-31T10:25:05,6621.20,807.86
2026-08-31T10:35:04,6642.03,810.90
2026-08-31T10:45:04,6628.20,810.70
2026-08-31T10:55:04,6633.39,810.83
2026-08-31T11:05:04,6655.88,811.78
2026-08-31T11:15:05,6672.48,813.63
2026-08-31T11:25:04,6646.76,810.77
2026-08-31T11:35:05,6643.44,811.79
2026-08-31T11:45:04,6648.16,812.47
2026-08-31T11:55:04,6660.10,814.44
2026-08-31T12:05:04,6688.58,818.36
2026-08-31T12:15:04,6719.94,819.71
2026-08-31T12:25:04,6699.83,818.68
2026-08-31T12:35:04,6690.46,819.62
2026-08-31T12:45:04,6686.52,820.95
2026-08-31T12:55:04,6681.32,820.21
2026-08-31T13:05:06,6673.70,820.26
2026-08-31T13:25:04,6684.93,820.97
2026-08-31T13:34:23,6679.09,820.12
2026-08-31T13:35:04,6678.87,820.11
2026-08-31T13:45:04,6717.90,824.55
2026-08-31T13:55:04,6754.04,828.40
2026-08-31T14:05:04,6764.06,829.20
2026-08-31T14:15:04,6788.16,830.65
2026-08-31T14:25:04,6789.45,830.45
2026-08-31T14:35:05,6772.34,829.03
2026-08-31T14:45:03,6781.65,829.72
2026-08-31T14:55:04,6764.47,830.26
2026-08-31T15:05:05,6765.12,829.95
2026-08-31T15:15:04,6782.83,833.87
2026-09-01T09:05:16,6765.19,828.13
2026-09-01T09:15:09,6735.21,823.09
2026-09-01T09:25:09,6779.18,824.61
2026-09-01T09:35:10,6785.74,821.78
2026-09-01T09:45:10,6817.81,823.17
2026-09-01T09:55:09,6792.66,821.34
2026-09-01T10:05:09,6845.37,826.27
2026-09-01T10:15:09,6819.19,822.90
2026-09-01T10:25:09,6813.34,823.61
2026-09-01T10:35:09,6801.96,820.97
2026-09-01T10:45:09,6826.68,822.05
2026-09-01T10:55:09,6788.45,819.27
2026-09-01T11:05:09,6795.53,819.78
2026-09-01T11:15:09,6800.46,819.85
2026-09-01T11:25:09,6799.79,819.59
2026-09-01T11:35:10,6777.58,817.76
2026-09-01T11:45:09,6764.78,815.98
2026-09-01T11:55:09,6780.79,817.45
2026-09-01T12:05:08,6790.46,818.86
2026-09-01T12:15:04,6794.00,818.85
2026-09-01T12:25:08,6786.28,818.32
2026-09-01T12:35:05,6804.18,819.50
2026-09-01T12:45:04,6797.62,819.58
2026-09-01T12:55:04,6815.26,821.27
2026-09-01T13:05:04,6820.95,820.98
2026-09-01T13:15:04,6819.46,820.50
2026-09-01T13:25:04,6823.15,821.04
2026-09-01T13:35:08,6820.69,820.35
2026-09-01T13:45:04,6819.22,818.88
2026-09-01T13:55:06,6826.94,819.51
2026-09-01T14:05:04,6815.33,817.82
2026-09-01T14:15:04,6796.31,816.72
2026-09-01T14:25:04,6802.87,816.56
2026-09-01T14:35:06,6822.05,818.89
2026-09-01T14:45:04,6846.54,821.87
2026-09-01T14:55:04,6836.46,821.26
2026-09-01T15:05:05,6838.79,823.39
2026-09-01T15:15:08,6834.47,823.15
2026-09-02T09:05:07,6641.10,797.02
2026-09-02T09:15:04,6649.84,803.99
2026-09-02T09:25:04,6679.61,812.26
2026-09-02T09:35:04,6674.47,814.89
2026-09-02T09:45:03,6681.44,816.28
2026-09-02T09:55:04,6652.39,815.23
2026-09-02T10:05:03,6678.25,815.53
2026-09-02T10:15:04,6675.61,817.17
2026-09-02T10:25:05,6670.56,816.90
2026-09-02T10:35:04,6654.30,814.63
2026-09-02T10:45:04,6627.81,813.38
2026-09-02T10:55:03,6622.22,812.34
2026-09-02T11:05:04,6621.09,813.84
2026-09-02T11:15:04,6630.64,815.65
2026-09-02T11:25:03,6641.90,817.21
2026-09-02T11:35:04,6620.56,813.67
2026-09-02T11:45:03,6629.13,813.71
2026-09-02T11:55:05,6624.04,813.59
2026-09-02T12:05:03,6619.78,812.85
2026-09-02T12:15:03,6625.24,812.72
2026-09-02T12:25:05,6615.24,810.87
2026-09-02T12:35:04,6599.18,809.32
2026-09-02T12:45:04,6605.11,810.00
2026-09-02T12:55:04,6598.53,809.91
2026-09-02T14:32:37,6609.92,812.33
2026-09-02T14:42:36,6600.15,809.98
2026-09-02T14:52:42,6592.02,810.91
2026-09-02T15:02:36,6572.10,807.72
2026-09-02T15:12:36,6566.12,806.40
2026-09-03T10:32:42,6666.98,800.48
2026-09-03T10:32:42,6666.98,800.48
2026-09-03T10:42:36,6657.71,800.11
2026-09-03T10:52:34,6635.52,799.00
2026-09-03T11:02:34,6623.16,796.46
2026-09-03T11:12:34,6646.80,798.41
2026-09-03T11:22:34,6657.85,800.03
2026-09-03T14:51:04,6579.59,792.83
2026-09-03T15:01:09,6591.20,793.96
2026-09-03T15:11:04,6586.16,792.95
2026-09-04T10:30:15,6659.47,799.03
2026-09-04T10:40:10,6654.03,800.88
2026-09-04T10:50:09,6642.79,802.04
2026-09-04T11:00:11,6647.34,803.58
2026-09-04T11:10:09,6652.38,807.19
2026-09-04T11:20:11,6666.02,808.61
2026-09-04T11:30:10,6662.68,806.64
2026-09-04T11:40:08,6645.75,806.42
2026-09-04T11:50:08,6657.70,809.81
2026-09-04T12:00:11,6668.59,809.61
2026-09-04T12:10:11,6667.61,809.81
2026-09-04T12:20:07,6672.78,809.78
2026-09-04T12:30:04,6664.27,809.48
2026-09-04T12:40:04,6666.63,812.43
2026-09-04T12:50:05,6665.73,812.52
2026-09-04T13:00:04,6668.61,812.87
2026-09-04T13:20:04,6687.77,811.28
2026-09-04T13:30:04,6700.60,813.59
2026-09-04T13:40:04,6694.43,814.40
2026-09-04T13:50:06,6698.73,814.14
2026-09-04T14:00:04,6704.29,814.93
2026-09-04T14:10:04,6713.23,815.05
2026-09-04T14:20:06,6742.47,816.53
2026-09-04T14:30:04,6727.36,814.13
2026-09-04T14:40:04,6723.13,813.03
2026-09-04T14:50:04,6709.15,811.66
2026-09-04T15:00:04,6705.94,812.58
2026-09-04T15:10:04,6693.74,811.58
2026-09-07T19:50:51,6995.39,822.19
2026-09-08T09:05:05,7026.47,828.21
2026-09-08T09:15:03,7053.06,826.85
2026-09-08T09:25:05,7075.88,824.23
2026-09-08T09:35:05,7059.77,824.89
2026-09-08T09:45:03,7062.45,821.22
2026-09-08T09:55:03,7089.15,823.74
2026-09-08T10:05:05,7074.30,823.15
2026-09-08T10:15:03,7082.20,826.69
2026-09-08T10:25:04,7076.67,825.66
2026-09-08T10:35:03,7089.83,826.48
2026-09-08T10:45:03,7117.37,825.89
2026-09-08T10:55:03,7122.04,826.63
2026-09-08T11:05:03,7117.93,828.03
2026-09-08T11:15:03,7126.66,828.63
2026-09-08T11:25:03,7128.80,829.09
2026-09-08T11:35:03,7136.16,828.83
2026-09-08T11:45:03,7116.89,829.35
2026-09-08T11:55:03,7121.29,827.54
2026-09-08T12:05:03,7127.81,827.85
2026-09-08T12:15:03,7139.48,828.69
2026-09-08T12:25:03,7148.24,828.08
2026-09-08T12:35:03,7152.73,828.32
2026-09-08T12:45:04,7158.11,828.32
2026-09-08T12:55:03,7164.27,827.88
2026-09-08T13:05:03,7162.16,829.31
2026-09-08T13:15:03,7161.17,829.83
2026-09-08T13:25:03,7157.48,829.60
2026-09-08T13:35:03,7139.78,828.68
2026-09-08T13:45:03,7141.38,828.16
2026-09-08T13:55:03,7111.38,827.02
2026-09-08T14:05:03,7091.79,825.68
2026-09-08T14:15:03,7073.36,825.09
2026-09-08T14:25:03,7089.52,825.95
2026-09-08T14:35:03,7043.07,822.89
2026-09-08T14:45:05,7042.00,822.45
2026-09-08T14:55:03,7006.57,818.44
2026-09-08T15:05:05,6979.96,815.54
2026-09-08T15:15:03,6985.31,814.49
2026-09-08T15:25:03,6952.65,813.05
2026-09-09T09:05:06,6999.64,822.65
2026-09-09T09:15:07,7028.53,825.44
2026-09-09T09:25:05,7019.99,824.89
2026-09-09T09:35:03,6997.54,822.35
2026-09-09T09:45:07,7027.60,826.25
2026-09-09T09:55:05,7051.55,828.87
2026-09-09T10:05:05,7045.04,829.26
2026-09-09T10:15:05,7049.01,828.68
2026-09-09T10:25:03,7051.97,829.55
2026-09-14T09:05:07,6679.76,803.79
2026-09-14T09:15:03,6699.80,803.57
2026-09-14T09:25:03,6705.48,805.83
2026-09-14T09:35:03,6701.44,805.54
2026-09-14T09:45:07,6712.32,805.48
2026-09-14T09:55:03,6715.41,808.16
2026-09-14T10:05:07,6692.42,810.44
2026-09-14T10:15:03,6670.78,806.65
2026-09-14T10:25:03,6666.62,804.68
2026-09-14T10:35:03,6680.59,806.00
2026-09-14T10:45:03,6690.04,807.27
2026-09-14T10:55:03,6702.68,809.17
2026-09-14T11:05:05,6742.53,810.95
2026-09-14T11:15:03,6760.42,813.35
2026-09-14T11:25:05,6761.90,812.19
2026-09-14T11:35:07,6766.66,812.31
2026-09-14T11:45:03,6758.42,812.77
2026-09-14T11:55:04,6771.51,814.11
2026-09-14T12:05:05,6758.42,813.90
2026-09-14T12:15:03,6752.43,813.26
2026-09-14T12:25:03,6751.12,812.97
2026-09-14T12:35:03,6751.65,813.25
2026-09-14T12:45:03,6743.39,813.04
2026-09-14T12:55:03,6740.29,813.14
2026-09-14T13:05:03,6743.66,813.59
2026-09-14T13:15:03,6728.64,814.57
2026-09-14T13:25:03,6733.96,814.25
2026-09-14T13:35:03,6717.92,812.96
2026-09-14T13:45:03,6720.31,811.93
2026-09-14T13:55:03,6710.86,810.84
2026-09-14T14:05:03,6714.73,810.94
2026-09-14T14:15:03,6699.66,808.85
2026-09-14T14:25:03,6674.56,806.00
2026-09-14T14:35:03,6682.55,807.52
2026-09-14T14:45:03,6680.77,806.92
2026-09-14T14:55:03,6675.77,807.36
2026-09-14T15:05:07,6682.43,808.03
2026-09-14T15:15:05,6673.99,807.73
2026-09-14T15:25:03,6681.73,807.44
2026-09-15T09:41:17,6695.51,816.29
2026-09-15T09:51:13,6668.42,815.93
2026-09-15T10:01:14,6660.86,814.32
2026-09-15T10:11:13,6681.65,818.88
2026-09-15T10:21:14,6703.19,822.32
2026-09-15T10:31:14,6685.53,822.15
2026-09-15T10:41:14,6664.35,820.82
2026-09-15T10:51:14,6672.77,821.28
2026-09-15T11:01:13,6677.78,822.63
2026-09-15T11:11:13,6681.05,823.22
2026-09-15T11:21:13,6686.37,823.02
2026-09-15T11:31:13,6701.91,822.98
2026-09-15T11:41:13,6704.90,823.27
2026-09-15T11:51:14,6710.48,820.81
2026-09-15T12:01:13,6701.54,821.02
2026-09-15T12:11:14,6694.21,823.08
2026-09-15T12:21:16,6690.35,822.08
2026-09-15T12:31:13,6686.45,821.24
2026-09-15T12:41:17,6682.18,820.88
2026-09-15T12:51:16,6688.73,821.52
2026-09-15T13:01:13,6663.77,819.14
2026-09-15T13:11:16,6664.29,819.95
2026-09-15T13:21:13,6650.12,817.16
2026-09-15T13:31:16,6632.44,815.13
2026-09-15T13:41:13,6628.02,813.47
2026-09-15T13:51:13,6638.17,815.57
2026-09-15T14:01:14,6622.92,812.84
2026-09-15T14:11:14,6604.29,809.43
2026-09-15T14:21:13,6593.46,808.76
2026-09-15T14:31:16,6613.16,810.86
2026-09-15T14:41:13,6630.07,812.30
2026-09-15T14:51:13,6635.78,814.04
2026-09-15T15:01:16,6616.42,812.56
2026-09-15T15:11:16,6607.23,811.06
2026-09-15T15:21:13,6617.73,812.63
2026-09-16T11:56:36,6659.49,806.83
2026-09-16T12:06:32,6680.39,808.94
2026-09-16T12:16:32,6686.28,809.36
2026-09-16T12:26:32,6687.39,809.80
2026-09-16T12:36:34,6674.10,810.33
2026-09-16T12:46:33,6692.64,809.95
2026-09-16T12:56:32,6696.40,810.15
2026-09-16T13:06:32,6711.04,811.80
2026-09-16T13:16:32,6703.68,811.75
2026-09-16T13:26:32,6708.70,812.24
2026-09-16T13:36:33,6684.34,810.86
2026-09-16T13:46:32,6685.43,810.98
2026-09-16T13:56:32,6672.64,809.28
2026-09-16T14:06:32,6674.20,809.42
2026-09-16T14:16:32,6686.81,810.65
2026-09-16T14:26:32,6677.38,811.43
2026-09-16T14:36:32,6685.51,812.13
2026-09-16T14:46:32,6693.26,813.95
2026-09-16T14:56:32,6681.82,813.61
2026-09-16T15:06:33,6687.01,813.41
2026-09-16T15:16:32,6703.07,814.63
2026-09-16T15:26:32,6711.45,815.47
2026-09-17T09:05:18,6765.24,822.93
2026-09-17T09:15:19,6723.47,818.32
2026-09-17T09:25:15,6740.65,820.80
2026-09-17T09:35:16,6723.55,817.73
2026-09-17T09:45:16,6729.28,817.11
2026-09-17T09:55:16,6732.67,816.81
2026-09-17T10:05:15,6751.72,821.04
2026-09-17T10:15:18,6764.56,821.53
2026-09-17T10:25:16,6760.85,821.68
2026-09-17T10:35:15,6754.67,821.90
2026-09-17T10:45:15,6760.44,821.69
2026-09-17T10:55:15,6736.52,820.23
2026-09-17T11:05:15,6730.22,821.22
2026-09-17T11:25:16,6717.80,820.03
2026-09-17T11:35:16,6719.37,819.72
2026-09-17T11:45:15,6730.21,821.79
2026-09-17T11:55:15,6727.92,821.56
2026-09-17T12:05:15,6734.32,821.64
2026-09-17T12:15:21,6727.81,822.05
2026-09-17T12:25:16,6731.25,821.89
2026-09-17T12:35:16,6738.71,822.25
2026-09-17T12:45:14,6751.03,823.09
2026-09-17T12:55:14,6753.71,823.74
2026-09-17T13:05:14,6767.03,825.37
2026-09-17T13:15:20,6768.38,825.13
2026-09-17T13:25:14,6768.77,825.80
2026-09-17T13:35:14,6754.34,824.10
2026-09-17T13:45:14,6775.23,825.16
2026-09-17T13:55:14,6765.91,825.23
2026-09-17T14:05:14,6763.88,825.49
2026-09-17T14:15:14,6761.44,825.15
2026-09-17T14:25:15,6738.24,822.79
2026-09-17T14:35:15,6726.39,821.79
2026-09-17T14:45:16,6705.40,820.76
2026-09-17T14:55:15,6710.31,821.53
2026-09-17T15:05:16,6716.99,821.13
2026-09-17T15:15:18,6715.21,821.45
2026-09-17T15:25:14,6717.09,821.87
2026-09-18T09:05:07,6865.32,831.07
2026-09-18T09:15:08,6867.82,828.80
2026-09-18T09:25:06,6866.03,828.23
2026-09-18T09:35:06,6870.98,830.65
2026-09-18T09:45:06,6865.21,828.94
2026-09-18T09:55:10,6863.99,827.95
2026-09-18T10:05:06,6859.42,828.03
2026-09-18T10:15:06,6841.27,827.98
2026-09-18T10:25:06,6840.14,827.89
2026-09-18T10:35:06,6839.97,828.28
2026-09-18T10:45:10,6851.82,828.91
2026-09-18T10:55:06,6848.39,827.32
2026-09-18T11:05:06,6848.81,827.47
2026-09-18T11:15:06,6856.51,827.14
2026-09-18T11:25:06,6856.67,827.44
2026-09-18T11:35:06,6857.29,827.37
2026-09-18T11:45:06,6859.86,827.67
2026-09-18T11:55:06,6856.17,828.38
2026-09-18T12:05:08,6862.50,827.01
2026-09-18T12:15:06,6889.03,827.51
2026-09-18T12:25:06,6880.83,826.64
2026-09-18T12:35:06,6871.79,826.00
2026-09-18T12:45:06,6875.00,825.83
2026-09-18T12:55:06,6893.68,826.15
2026-09-18T13:05:06,6900.43,825.06
2026-09-18T13:15:06,6898.07,825.09
2026-09-18T13:25:07,6878.16,826.01
2026-09-18T13:35:08,6889.67,827.88
2026-09-18T13:45:07,6887.73,828.20
2026-09-18T13:55:05,6896.43,827.74
2026-09-18T14:05:07,6897.58,827.38
2026-09-18T14:15:06,6900.03,827.32
2026-09-18T14:25:06,6904.08,827.46
2026-09-18T14:35:06,6902.44,826.77
2026-09-18T14:45:06,6899.88,827.03
2026-09-18T14:55:06,6885.61,826.49
2026-09-18T15:05:06,6882.02,826.91
2026-09-18T15:15:06,6885.78,826.91
2026-09-18T15:25:06,6875.72,826.95
2026-09-21T09:05:08,6979.56,827.11
2026-09-21T09:15:07,6962.22,825.33
2026-09-21T09:25:07,6963.20,827.14
2026-09-21T09:35:07,6960.01,831.18
2026-09-21T09:45:08,6952.71,830.81
2026-09-21T09:55:10,6960.39,831.66
2026-09-21T10:05:06,6979.28,834.57
2026-09-21T10:15:10,7005.43,836.91
2026-09-21T10:25:08,6999.94,837.92
2026-09-21T10:35:06,6994.64,837.33
2026-09-21T10:45:08,7003.02,837.18
2026-09-21T10:55:06,6993.21,836.78
2026-09-21T11:05:06,6994.03,836.48
2026-09-21T11:15:08,6996.61,836.51
2026-09-21T11:25:06,6993.82,836.56
2026-09-21T11:35:07,6989.94,835.84
2026-09-21T11:45:06,6998.71,835.44
2026-09-21T11:55:08,7000.97,835.44
2026-09-21T12:05:06,7011.50,834.86
2026-09-21T12:15:08,7012.69,834.42
2026-09-21T12:25:08,7019.70,834.82
2026-09-21T12:35:07,7010.39,835.11
2026-09-21T12:45:09,7011.86,835.58
2026-09-21T12:55:07,7018.41,836.00
2026-09-21T13:05:06,7021.30,836.09
2026-09-21T13:15:07,7016.90,834.82
2026-09-21T13:25:10,7026.11,835.45
2026-09-21T13:35:06,7020.12,835.07
2026-09-21T13:45:07,7019.79,834.81
2026-09-21T13:55:07,7007.01,833.68
2026-09-21T14:05:06,6997.96,833.66
2026-09-21T14:15:06,6991.97,833.43
2026-09-21T14:25:06,6991.38,833.60
2026-09-21T14:35:09,6996.62,833.70
2026-09-21T14:45:07,6995.61,834.17
2026-09-21T14:55:07,6997.11,834.06
2026-09-21T15:05:07,6989.68,834.53
2026-09-21T15:15:06,6993.21,835.22
2026-09-21T15:25:07,6999.96,835.86
2026-09-22T09:05:09,7171.44,845.35
2026-09-22T09:15:06,7155.61,843.74
2026-09-22T09:25:05,7136.89,841.04
2026-09-22T09:35:07,7160.42,843.96
2026-09-22T09:45:05,7157.22,843.28
2026-09-22T09:55:06,7143.87,844.64
2026-09-22T10:05:07,7136.20,845.21
2026-09-22T10:15:07,7120.71,843.63
2026-09-22T10:25:07,7122.01,842.85
2026-09-22T10:35:06,7115.71,843.56
2026-09-22T10:45:05,7114.74,843.28
2026-09-22T10:55:07,7120.00,843.39
2026-09-22T11:05:07,7130.33,843.73
2026-09-22T11:15:07,7115.56,842.42
2026-09-22T11:25:05,7125.72,842.50
2026-09-22T11:35:06,7122.49,842.00
2026-09-22T11:45:05,7134.38,842.99
2026-09-22T11:55:07,7132.64,842.99
2026-09-22T12:05:05,7137.01,842.64
2026-09-22T12:15:05,7134.21,842.56
2026-09-22T12:25:05,7138.57,843.16
2026-09-22T12:35:06,7134.85,842.91
2026-09-22T12:45:07,7129.53,842.80
2026-09-22T12:55:05,7121.22,841.63
2026-09-22T13:05:05,7117.77,839.70
2026-09-22T13:15:07,7092.47,837.82
2026-09-22T13:25:05,7087.74,838.43
2026-09-22T13:35:06,7078.80,837.74
2026-09-22T13:45:05,7069.08,836.67
2026-09-22T13:55:06,7049.84,835.24
2026-09-22T14:05:07,7050.55,835.62
2026-09-22T14:15:05,7041.47,835.60
2026-09-22T14:25:05,7003.64,832.12
2026-09-22T14:35:06,7004.06,832.52
2026-09-22T14:45:05,7009.85,833.95
2026-09-22T14:55:07,7040.17,835.58
2026-09-22T15:05:06,7019.20,835.03
2026-09-22T15:15:09,7030.56,834.50
2026-09-22T15:25:05,7025.71,834.65
